id,recipe,vege_id
476284,九層塔薑絲蛤蜊湯,20
477239,蒜香九層塔鮭魚,20
477596,蒜香九層塔三色蛋捲,20
474705,台式羅勒燒雞,20
478176,台式早午餐-九層塔厚蛋,20
476026,九層塔薑絲大蒜炒蛤蜊,20
477606,涼拌蒜香九層塔鹽水鴨,20
475123,九層塔起司烘蛋,20
470056,九層塔雜炊,20
467396,九層塔煎蛋,20
476542,九層塔芝麻厚燒餅/Vegan純素,20
467131,鐵板九層塔蛋,20
475734,十分鐘上菜-炸蒜香九層塔風味香菇,20
470474,九層塔骨燉排骨湯,20
467048,九層塔醬拌麵,20
466528,九層塔醬香豆腐,20
463326,九層塔烘蛋,20
462631,九層塔拋豬,20
466042,九層塔蛋起司吐司,20
456490,九層塔蛋,20
472236,好簡單「九層塔蛋」熱炒店必點,20
462579,九層塔起司豆腐三明治,20
461098,九層塔香蒜麵包,20
456597,九層塔菇菇,20
466635,水炒香辣九層塔牛肉絲,20
459428,青醬（九層塔版）,20
468950,10分鐘搞定！簡單又好吃的九層塔煎蛋,20
453947,三杯九層塔蛤蜊,20
452953,九層塔煎蛋餅,20
467438,法式番茄羅勒起司大圓一超簡單,20
379428,快燜鮮甜九層塔蛤蜊,20
448142,九層塔炒蛋,20
450744,九層塔炒麵腸,20
452410,蘋果加九層塔煎蛋,20
458405,羅勒蜂蜜蛋糕（無木框）,20
449881,九層塔蛋炒飯,20
465464,超下飯九層塔炒蛤蠣3分鐘就學會！,20
464974,超簡單四步驟，九層塔酥脆蚵仔酥這樣做！,20
453640,九層塔海鮮櫛瓜煎餅,20
464260,青醬（九層塔核桃青醬）風味食材／打勻,20
452414,九層塔翠蘋果炒雞肉,20
454884,九層塔香蒜奶油抹醬,20
460562,茄子也可以好看又少油！｜涼拌九層塔茄子,20
445241,九層塔蚵仔湯,20
449539,蒜香九層塔香吳郭魚,20
478783,紅燒冬瓜,45
476317,冬瓜仙草,45
478999,醬燒冬瓜,45
478582,冬瓜排骨蛤蠣湯,45
476451,冬瓜排骨湯,45
467984,香菇清蒸滷冬瓜,45
466517,冬瓜肝連湯,45
187769,煎釀油豆腐煑冬瓜,45
474135,冬瓜蛤鮮味湯,45
474677,冬瓜蛤蠣排骨湯,45
477994,荷葉冬瓜排骨湯(燜燒鍋版),45
479463,DIY古早味黑糖冬瓜蜜,45
471099,蝦米冬瓜麵,45
472801,黑糖冬瓜糖塊,45
471942,冬瓜排骨酥湯,45
466325,冬瓜盅,45
477202,奇亞籽蜂蜜醋拌冬瓜,45
472020,#276 蛤蜊冬瓜雞湯,45
467657,清燉肉燥冬瓜,45
460029,冬瓜湯,45
470966,冬瓜果凍拿鐵咖啡,45
463444,冬瓜薑雞湯,45
468453,雞肉蕈菇蒸冬瓜,45
458401,冬瓜蛤蜊湯,45
461272,香滷冬瓜,45
461452,腐乳燒冬瓜,45
464635,蝦皮冬瓜湯,45
463523,冬瓜薏仁肉片湯,45
464677,菜脯燒冬瓜,45
459512,冬瓜肉捲,45
463145,豆豉香菇燒冬瓜,45
467123,冬瓜玉米肝連肉湯,45
461790,剝皮辣椒冬瓜雞湯/煮/零廚藝,45
462080,冬瓜蘋果心太軟,45
458513,薑絲冬瓜排骨湯,45
466733,翡翠冬瓜蜜｜Vitamix調理機,45
458877,冬瓜燒松阪豬肉,45
463697,[一鍋到底] 冬瓜燒肉,45
452463,冬瓜滷,45
461876,冬瓜蓮子薏仁排骨湯,45
458781,薑絲蠔油燒冬瓜,45
460460,蝦、肉丸冬瓜湯麵缐,45
462251,黑糖冬瓜糖露 (減糖),45
468160,減脂餐2~冬瓜木耳蕃茄雞蛋湯,45
448809,滷冬瓜,45
479557,南瓜布丁,43
478985,南瓜麵線 (南瓜簡單吃懶人包),43
478143,南瓜沙拉,43
478036,南瓜小米粥,43
478970,南瓜濃湯,43
477973,~南瓜濃湯~,43
478300,南瓜梅花肉,43
476135,南瓜饅頭,43
477732,蒜香金沙栗子南瓜、烤南瓜子,43
479210,清爽版南瓜濃湯,43
477071,南瓜布蕾,43
476919,香料烤南瓜,43
475826,味噌南瓜豬,43
471965,南瓜片炒雞胸,43
472830,金沙南瓜,43
469857,煮南瓜,43
474930,清炒南瓜,43
479528,南瓜玫瑰花饅頭(奶素),43
469856,烤雞肉南瓜,43
476867,栗子南瓜豆豉肉,43
473917,南瓜蔥油餅塔,43
471342,南瓜玉米濃湯,43
475357,南瓜馬鈴薯義大利麵,43
459787,炸南瓜片,43
476831,烤南瓜鮭魚蛋白質沙拉,43
469314,南瓜塔,43
472234,栗子南瓜湯,43
467671,南瓜炒米粉（金瓜米粉）,43
468704,南瓜米粉,43
472343,南瓜炒米粉/10分鐘,43
468901,南瓜湯,43
468539,氣炸南瓜,43
470493,氣炸南瓜片,43
468326,佃煮南瓜,43
473379,南瓜洋蔥蔬菜玉米濃湯,43
470568,蒸南瓜（整顆）,43
459396,金瓜米粉,43
472762,薯泥南瓜煎餅,43
470451,南瓜粉蒸肉,43
467614,南瓜麵包,43
473604,南瓜鮮菇雞肉炊飯,43
458001,南瓜炒蛋,43
479148,培根四季豆,60
478763,四季豆炒蘑菇,60
479531,四季豆炒牛肉,60
451942,蝦醬敏豆,60
474777,辣香四季豆,60
475355,乾煸四季豆,60
474898,四季豆炒肉末,60
474543,四季豆翠綠煮法,60
473900,油炒四季豆,60
478313,干煸魚香四季豆,60
469554,四季豆炒蛋,60
476351,清爽涼拌四季豆(純素),60
476293,椒鹽豆包炒四季豆,60
472055,四季豆蒼蠅頭,60
469852,四季豆水晶蒼蠅頭,60
475071,lanni 涼拌蒜末四季豆,60
461976,四季豆醬炒玉米筍,60
474361,蝦皮蒜香四季豆,60
469125,椒鹽四季豆炒蛋,60
469346,涼拌四季豆 / 家常菜,60
476415,氣炸四季豆雞胸肉豆包卷,60
464875,金沙四季豆,60
468428,四季豆番茄炒蛋,60
457625,番茄四季豆,60
479126,香煎雞腿排同步完成炒蘑菇四季豆,60
466689,四季豆鮭魚炒飯,60
459457,四季豆炒五花肉絲,60
472594,蒜香四季豆（不用油炸）,60
470238,金沙乾煸四季豆,60
467448,四季豆炒雞丁,60
476788,榛果伍仁辣拌四季豆,60
471654,四季豆花枝豆皮卷,60
460932,四季豆捲餅,60
456620,四季豆炒香腸,60
475057,香甜鮭魚佐四季豆｜烤箱料理｜5步驟,60
431254,敏豆炒蝦仁,60
460290,四季豆肉末,60
466869,乾扁四季豆（氣炸鍋）,60
469124,四季豆炒杏鮑菇,60
466559,四季豆炒素雞,60
462489,蒜炒四季豆,60
457815,烤四季豆,60
471656,酸辣四季豆肉排絲醬,60
461659,四季豆炒雞胸肉,60
471861,阿廣四季豆（避風塘蟹口味）,60
461567,菜脯四季豆,60
467718,涼拌四季豆＊白芥末風味,60
476647,栗子地瓜蘋果汁,32
479552,地瓜布蕾,32
479553,地瓜松露巧克力,32
479551,地瓜泥沙拉,32
479550,地瓜蔬菜球,32
479554,高蛋白地瓜蛋糕,32
478739,燙地瓜葉,32
475642,蒸地瓜,32
478350,皮蛋地瓜葉,32
477635,地瓜泥蒸蛋,32
473982,地瓜圓,32
476990,地瓜布朗尼,32
476757,水晶地瓜粽,32
477936,地瓜起司蛋糕,32
475980,拔絲地瓜,32
475352,地瓜薯條（氣炸鍋）,32
474759,地瓜貝果,32
479547,雙色地瓜鯛魚粥,32
477519,香甜地瓜炒五花肉,32
479548,芋圓地瓜圓綠豆湯,32
477977,地瓜洋梨濃湯(燜燒鍋版),32
470845,地瓜蛋糕,32
478743,三色芋圓地瓜圓,32
478410,【低負擔】地瓜布朗尼,32
472793,地瓜紅豆餅,32
473169,地瓜葉煎蛋,32
477961,氣炸雞腿排 (地瓜粉),32
478078,地瓜圓/紫薯芋圓,32
478020,優格地瓜蘋果沙拉,32
476769,地瓜布朗尼蛋撻,32
472364,地瓜薑湯,32
476887,藍家小館-地瓜蒸蛋,32
468701,地瓜球,32
473434,焗烤馬鈴薯/地瓜,32
479510,大排長龍的貓頭鷹餐廳-香甜地瓜泥,32
471465,地瓜葡萄吐司,32
471659,黃金地瓜燒,32
470862,地瓜豆沙圓,32
475972,地瓜粉圓綠豆甜湯,32
470275,焗烤地瓜,32
475452,地瓜薄餅｜Vitamix調理機,32
478697,甜椒地瓜起司泥沙拉,32
474468,肉鬆地瓜起司圓,32
479016,地瓜能量早餐碗｜Vitamix調理機,32
469696,黑糖地瓜圓,32
475926,油潑辣子涼拌地瓜葉梗,32
478739,燙地瓜葉,14
477870,皮蛋地瓜葉,14
473169,地瓜葉煎蛋,14
475926,油潑辣子涼拌地瓜葉梗,14
460406,地瓜葉炒肉片,14
461635,素鬆拌炒地瓜葉,14
469343,椒香地瓜葉,14
463011,蕃薯葉,14
469901,清炒辣味地瓜葉,14
469408,地瓜葉鹹幕斯,14
461785,豆芽地瓜葉,14
467399,紅麴煮地瓜葉,14
464664,燙青菜 / 地瓜葉,14
457016,皮蛋絞肉炒地瓜葉,14
461739,皮蛋炒地瓜葉,14
458050,蒜酥拌炒地瓜葉,14
466704,廚房小白-水煮地瓜葉,14
462892,地瓜葉蛋餅（2）,14
461042,#270 蝦仁地瓜葉,14
455491,豆醬蕃薯葉,14
462028,炒地皮（地瓜葉炒皮蛋）,14
461571,lanni 鱸魚地瓜葉飯湯,14
452640,燙地瓜葉拌油蔥酥,14
456444,皮蛋地瓜葉 / 家常小菜,14
450812,地瓜葉飯糰,14
450350,肉燥燙青菜（地瓜葉）,14
462073,地瓜葉夾心溶豆 寶寶零食,14
456329,地瓜葉草仔粿,14
448364,~地瓜葉粥~,14
451856,地瓜葉炒皮蛋,14
439159,素食-豆皮地瓜葉,14
459089,私房菜秒殺地瓜葉,14
464579,十分鐘快速湯品｜小魚乾地瓜葉湯,14
447798,地瓜葉粥,14
449865,蒜香地瓜葉,14
460358,柴魚醬油拌清燙地瓜葉,14
463144,寶寶4個月副食品～地瓜葉泥#4-5M,14
447112,鮮胡椒地瓜葉,14
448818,蒜香地瓜葉 / 家常菜,14
450619,燙青菜 /日本地瓜葉 / 家常菜,14
443281,醬拌地瓜葉,14
442985,蒜拌地瓜葉,14
439662,地瓜葉蛋捲,14
443120,水炒地瓜葉,14
446916,地瓜葉炒菇菇,14
476189,涼拌大白菜,9
472702,大白菜捲,9
471026,滷大白菜,9
474469,大白菜煨豆腐湯,9
451304,包心大白菜炒火腿絲,9
463863,大白菜煎餅,9
473080,富貴花開一大白菜燒肉,9
470308,涼拌大白菜(五辛素),9
455364,絞肉炒包心大白菜,9
463746,蝦皮炒大白菜,9
449548,大白菜炒米粉,9
457864,大白菜鹹粥,9
459110,大白菜燒雞蛋豆腐,9
449672,大白菜悶油豆腐,9
454267,大白菜炒豬肉,9
464916,懶出新高度零出錯麵筋大白菜,9
470422,大白菜豆腐粉絲煲/黃芽白豆腐粉絲煲,9
449152,大白菜水餃,9
453590,胡椒葉香大白菜,9
450542,辣豆瓣燜大白菜,9
431345,大白菜炒五花肉片,9
431868,大白菜炒虱目魚丸,9
423814,大白菜湯圓,9
446043,三絲清炒大白菜(五辛素),9
478495,開陽白菜,9
474752,素獅子頭（2）,9
439586,[簡單料理] 簡單卻美味的蒸千層大白菜,9
472243,簡單肉羹,9
407170,炒大白菜,9
405945,家常大白菜,9
475293,鍋燒麵.烏龍湯麵,9
410030,大白菜燉冬粉,9
435037,【老菜脯大白菜香菇雞湯】春分節氣燉湯,9
472300,酸白菜 製作~簡單隨手做,9
471221,芫茜南瓜白菜米漿粥,9
473836,黃金泡菜/黃金白菜,9
471620,自製酸白菜,9
409597,清爽豆皮大白菜,9
404848,涼拌大白菜絲,9
472494,全素丸子～素獅子頭,9
431964,【老菜脯大白菜年糕肉絲湯】立春節氣燉湯,9
475683,獅子頭,9
412379,涼拌大白菜～道地外省味兒,9
478578,魚翅雞,9
406100,大白菜炒韓式魚板,9
397861,大白菜炒麵,9
472264,十分鐘上菜-白菜豆皮素食年菜,9
477053,微辣黃金泡菜(五辛素),9
475487,龜甲萬味自慢–日式醬燒醬｜白菜豚肉哥倆好,9
431828,千層白菜豬肉鍋,9
472679,炒大陸妹,11
473934,燙青菜(大陸妹),11
457559,蒜拌大陸妹(福山萵苣),11
463737,燙大陸妹,11
455363,XO醬炒大陸妹,11
457350,蠔油福山萵苣,11
461112,大陸妹配湯包,11
457944,大陸妹鮪魚海苔煎蛋,11
450349,肉燥燙青菜（大陸妹）,11
453855,大陸妹炒豬肉片,11
453093,蒜香冬菜大陸妹,11
450225,清炒大陸妹菜,11
446047,大陸妹炒燒肉,11
448879,油蔥酥炒山上大陸妹,11
438453,蝦醬大陸妹,11
432465,醬拌福山萵苣,11
441959,清炒油蔥大陸妹,11
474170,燙青菜 / 擺盤分享,11
444435,冬菜炒大陸妹或萵苣,11
435893,腐乳大陸妹~簡單隨手做,11
436874,鵝油香蒜炒大陸妹,11
430882,xo醬炒大陸妹,11
473790,肉絲炒時蔬,11
454274,蒜香萵苣,11
451330,肉骨茶麵疙瘩,11
454384,時蔬蛋花湯,11
424188,蒜炒大陸妹～可素食,11
456907,青菜蛋花湯(二),11
475494,龜甲萬味自慢–薑汁燒肉醬｜薑燒肉漢堡,11
434291,免開火蒜香大陸妹/熱水瓶料理/5分鐘,11
426480,晚餐：椒鹽雪花豬、滷味、炒大陸妹,11
416414,綜合菇炒大陸妹,11
423604,15蜜汁豬排肉、炒大陸妹,11
467134,"有時來點口味重的料理
 麻油薑泥麵線",11
469751,銅板省錢料理-什錦素食湯麵,11
467595,古早味油蔥a菜雞（自己紀錄用）,11
404090,Xo醬拌大陸妹,11
459458,香煎雞腿排牛奶鍋麵,11
459037,和風燴雞胸油豆腐悶粉絲,11
410979,家常菜|燙大陸妹(feat.豆油伯),11
453205,大陸妺+皮蛋,11
461700,什麼？印加果油可以拌麵？印加果油拌麵,11
473828,秘傳牛肉彩椒義大利麵,11
457537,奧莉廚房 金蘭醬油 手切滷肉飯,11
460354,蝦肉蔬果沙拉,11
467462,~水煮肉片~,11
411524,酸辣黑木耳醬拌大陸妹．柯媽媽の植物燕窩,11
463683,韓式豬肉蛋白質鍋,11
465802,古早味芋頭米粉湯,11
479070,減脂料理～大黃瓜玉米雞丁,47
475843,大黃瓜蒸肉,47
477943,大黃瓜鑲肉,47
476586,大黃瓜貢丸湯,47
462759,大黃瓜炒麵腸,47
460567,大黃瓜排骨湯,47
478109,大黃瓜薏仁排骨湯—新手失敗,47
468448,lanni 胡瓜炒蛋,47
459297,大黃瓜炒魚板,47
466778,大黃瓜炒貢丸,47
464550,清炒大黃瓜,47
461186,大黃瓜小籠包,47
467842,微波版胡瓜炒甜不辣,47
460725,大黃瓜玉米魚丸湯,47
466440,涼拌大黃瓜(五辛素),47
466441,酸辣涼拌大黃瓜(五辛素),47
466373,《認真系》大黃瓜鑲蔬肉,47
452329,炒大黃瓜,47
456089,大黃瓜排骨湯,47
454322,大黃瓜鑲豆腐肉/家常菜,47
445158,胡瓜火鍋湯,47
442427,大黃瓜丸子湯,47
444177,腐竹大黃瓜,47
444637,甜不辣蒜炒胡瓜,47
441311,大黃瓜封肉,47
456261,醃漬大黃瓜——風味食材／鹽醃、醋泡、油漬,47
439990,清爽大黃瓜炒雞胸,47
448456,大黃瓜鑲花枝漿蝦仁,47
436268,蝦皮大黃瓜,47
438456,電鍋大黃瓜鑲肉,47
444654,#249 大黃瓜鑲肉｜刺瓜封肉,47
444479,法式高纖｜低碳大黃瓜鑲肉,47
425852,大黃瓜蝦仁炒蛋,47
447174,蒸土魠/粉蒸肉/大黃瓜雞湯-By 格麗思,47
439052,#236 黑輪炒刺瓜｜黑輪炒大黃瓜,47
416943,大黃瓜炒蛋,47
423918,胡瓜鮮菇湯,47
416781,大黃瓜煎蛋,47
420354,【全素】大黃瓜,47
414976,大黃瓜雞湯,47
470448,黃瓜蓮藕排骨玉米湯,47
465655,黃瓜蛤蠣丸子湯,47
422357,lanni 大黃瓜肉丸湯,47
474339,清炒抱子芥菜／娃娃菜,17
475255,培根炒娃娃菜,17
478468,娃娃菜捲蝦滑,17
472740,麻油娃娃菜,17
472647,上湯娃娃菜,17
471987,糖醋娃娃菜,17
466518,娃娃菜燜魯豬皮,17
474157,香菇炒娃娃菜,17
466044,燒肉末燴娃娃菜,17
477736,娃娃菜炒鴻喜菇,17
466276,燒肉燉娃娃菜,17
474483,清炒娃娃菜心,17
472310,豆腐乳燴娃娃菜,17
471878,娃娃菜炒香菇,17
474154,麻油薑絲炒娃娃菜,17
475747,千層娃娃菜肉片鍋,17
459464,乳酪奶汁娃娃菜,17
469179,牛奶娃娃菜燉雞,17
473750,清炒娃娃菜腐皮,17
470519,扁魚炒娃娃菜,17
474439,芥菜娃娃菜燴炒豬肉片,17
469203,蒜香蝦米娃娃菜,17
466710,紅燒豆腐娃娃菜,17
465022,辣油爆炒娃娃菜,17
467075,#274 香菇炒娃娃菜,17
475827,龜甲萬味自慢系列-薑燒娃娃菜燉肉,17
472538,酸辣泡椒娃娃菜(五辛素),17
472578,椒麻涼拌娃娃菜(五辛素),17
466556,蝦皮清炒娃娃菜,17
464266,香菇蛋香娃娃菜,17
465914,寶寶食譜｜娃娃菜肉卷,17
476704,龜甲萬味自慢-親子丼用醬/娃娃菜煲豆腐,17
462927,酸辣娃娃菜金針菇,17
465993,涼拌娃娃菜(五辛素),17
458527,蠔油干貝娃娃菜,17
465195,蒜味娃娃菜燒肉飯,17
462050,清冰箱料理/娃娃菜滷,17
477366,醬香豆腐蝦仁娃娃菜煲-李錦記頭道原釀醬油,17
450424,鴻禧菇炒娃娃菜,17
452326,娃娃菜蛤蜊雞湯,17
453937,瑤柱娃娃菜,17
446858,清炒娃娃菜,17
449363,娃娃菜蝦球春雨湯,17
441844,娃娃菜燉雞湯,17
451244,好久沒吃娃娃菜料理了 豆腸娃娃菜,17
454303,干貝風味娃娃菜燉雞片豆腐,17
440993,娃娃菜蒸肉,17
445572,XO醬炒娃娃菜,17
439128,清炒娃娃菜,17
479385,寶寶·吻仔魚小白菜蛋黃粥,7
474407,小白菜吻仔魚粥,7
467864,蒜炒金針菇小白菜,7
460978,韓式小白菜泡菜(二),7
462213,懶人料理-微波爐-雞肉小白菜,7
447706,三杯小白菜,7
449916,薑絲小白菜 / 家常菜,7
448828,小白菜雞肉湯,7
446118,小白菜炒甜不辣,7
453904,小白菜燴炸腐竹,7
429631,小白菜炒蛋,7
434384,蒜炒小白菜/快炒/5分鐘/簡單快速,7
436784,清炒小白菜,7
438263,炒青菜｜薑絲小白菜,7
433844,小白菜豆皮,7
439385,60蜂蜜奶油豬肉、蔥爆豬肉、蛋炒小白菜,7
422712,炒小白菜,7
437922,小白菜炒肉片（減脂料理）,7
425372,香菇炒小白菜,7
434838,我的家常菜～小白菜炒泡麵,7
424940,素食 小白菜炒飯,7
428985,韓式涼拌小白菜얼갈이된장무침,7
416776,小白菜煎蛋,7
435823,我的家常菜～油蔥酥小白菜蛋花湯,7
415973,蘑菇小白菜,7
425292,蝦仁清炒小白菜,7
479390,鹹魚炒白菜,7
438332,55麻婆豆腐起司飯、炒小白菜,7
418495,小白菜餛飩湯,7
418842,薑絲炒小白菜,7
428101,42檸檬雞、炒小白菜,7
439244,56雪花牛、小白菜、透抽之小火鍋,7
428700,腐乳清炒小白菜(純素),7
469925,簡易米紙蚵仔煎,7
474024,《鱸魚米粉湯》,7
411308,小白菜泡菜얼갈이김치,7
413963,小白菜炒豆包,7
434368,免開火蒜香小白菜/熱水瓶料理/5分鐘,7
476487,家常炒麵,7
476181,蔬菜肉湯炒麵,7
474764,鯛魚紅燒蕃茄麵,7
417460,小白菜全麥雞蛋煎餅,7
472273,南瓜蔬菜湯/素/10分鐘/零廚藝,7
405783,炒小白菜,7
473712,低卡蝦仁煎樂樂瑪麻,7
474064,台式海鮮麵-朝日鍋,7
406925,小白菜炒菇菇,7
468979,（超簡單）青菜豆腐湯,7
408206,小白菜肉絲炒冬粉,7
478968,涼拌小黃瓜,48
478750,醃小黃瓜,48
479380,醬漬小黃瓜,48
478269,皮蛋涼拌小黃瓜,48
478364,淺漬小黃瓜,48
478038,臘腸炒小黃瓜,48
478088,蝦仁炒蛋小黃瓜,48
479279,鳳梨涼拌小黃瓜(純素),48
477721,涼拌小黃瓜,48
471979,蠔油味小黃瓜炒蛋,48
476623,小黃瓜蛋餅,48
478615,麻香涼拌小黃瓜,48
478571,蒜味涼拌小黃瓜,48
478459,《開胃涼拌菜》青梅小黃瓜,48
476349,涼拌小黃瓜皮蛋,48
477813,涼拌小黃瓜 / 蛇型,48
458242,芋頭貢丸炒小黃瓜,48
479621,芝麻油拌小黃瓜蟹肉絲,48
477182,香辣涼拌小黃瓜,48
479349,雪碧小黃瓜,48
468319,小黃瓜炒德國香腸,48
479135,減醣小菜-奶油小黃瓜,48
463175,小黃瓜炒香菇,48
467978,小黃瓜炒百葉豆腐,48
478433,夏日小菜同樂會-小黃瓜涼拌菜,48
475780,涼拌鮪魚小黃瓜,48
477592,涼拌菜 小黃瓜皮蛋佐香菜,48
477529,夏日涼拌菜- 辣味韓式小黃瓜,48
460559,小黃瓜炒麵腸,48
475468,蒜香雞肉小黃瓜,48
473165,油潑辣子小黃瓜炒皮蛋,48
479176,涼拌小黃瓜食譜（蒜味版）,48
477003,小黃瓜優格鮪魚玉米,48
478711,夏日小菜同樂會-小黃瓜沾醬,48
478982,涼拌小黃瓜雪白菇秋葵,48
473439,香煎小熱狗炒小黃瓜,48
476311,【全素】薑鮮小黃瓜,48
466815,糖醋豬後腿肉丁炒小黃瓜,48
466817,咖喱肉絲炒小黃瓜,48
471817,辣味涼拌小黃瓜,48
473943,凉拌小黃瓜,48
475951,涼拌小黃瓜(蒜辣口味）,48
477860,脆皮燒肉佐涼拌小黃瓜,48
468885,味噌小黃瓜,48
461173,海帶結炒小黃瓜,48
478003,醬油山藥,38
476835,山藥排骨麵線,38
474656,明太子烤山藥,38
476698,山藥紅蘿蔔軟骨肉,38
467394,山藥,38
476492,電鍋-蓮子山藥排骨湯,38
472217,人蔘山藥雞湯,38
471625,《山藥排骨湯》,38
457590,山藥雞肉枸杞五穀粥,38
471870,山藥補氣雞湯,38
457636,山藥枸杞雞湯 電鍋料理,38
472462,紅棗山藥涼糕｜Vitamix,38
474629,山藥紅蘿蔔玉米排骨湯,38
469737,山藥雞腿湯,38
469443,山藥排骨湯,38
471190,山藥排骨湯（電鍋）,38
469214,山藥紅豆湯,38
477770,日式紫蘇涼拌山藥（全素）,38
472247,山藥秋葵拌飯,38
470649,麻油紅棗山藥雞湯,38
464847,山藥湯,38
473914,山藥蟲草菌菇雞腿湯,38
466584,蓮藕山藥排骨湯,38
471609,哈佛蔬菜湯+山藥排骨湯,38
466586,山藥玉米排骨湯,38
463501,雞肉、山藥丸子,38
468929,山藥排骨暖胃湯,38
474650,山藥排骨湯 ｜北鼎多功能蒸燉鍋,38
472272,步步高升山藥百香果醬汁（年菜）,38
468919,蘋果山藥藥膳雞湯,38
464300,白木耳山藥甜湯,38
463854,馬告山藥雞湯,38
468995,豬五花山藥玉米火鍋,38
466020,紅薯餅（紫山藥餅）,38
465710,寶寶副食品～山藥雞肉粥,38
454516,山藥雞湯,38
457777,月亮山藥餅,38
466120,電鍋出好菜山藥蒸肉餅,38
456570,山藥炒肉片,38
456487,日本山藥絲瓜,38
459048,山藥蘋果排骨湯,38
472623,《年菜再利用》-山藥玉米豬腳湯/排骨湯,38
451043,紫山藥煎餅,38
455280,清蒸山藥｜三鮮肉丸,38
469254,用赤味噌當作湯底 味噌山藥豆腐烏龍麵,38
451391,蘋果山藥雞湯,38
473407,炒山蘇,24
451307,山蘇炒肉絲,24
472766,茄汁煮山蘇,24
452639,樹子炒山蘇,24
471731,XO干貝醬熱炒山蘇,24
462767,蔭瓜山蘇,24
461585,麻香炒山蘇,24
446554,山蘇炒香菇,24
451864,吻仔魚炒山蘇,24
440369,破布子炒山蘇,24
430653,快炒山蘇,24
432271,豆豉小魚乾炒山蘇,24
426180,香辣小魚炒山蘇,24
403805,豆豉山蘇,24
401344,樹子小魚山蘇,24
385524,味噌炒山蘇,24
400285,福菜炒山蘇 家常菜客家菜,24
390400,鮮蚵炒山蘇,24
371463,樹子山蘇,24
386954,薑香破布子炒山蘇,24
378770,低GI干貝清炒山蘇,24
365592,小魚乾炒山蘇,24
362026,山蘇炒小魚乾,24
334301,XO醬炒山蘇,24
332324,小魚干炒山蘇,24
435958,清燉牛肉麵,24
314603,山蘇炒章魚腳,24
316829,樹子（破布子）炒山蘇,24
299992,山蘇炒豬肉,24
311804,麻油炒山蘇（五分鐘出家常菜）,24
318533,樹子炒山蘇【飛利浦智慧萬用電子鍋】,24
311044,熱炒最愛點山蘇炒丁香,24
302072,樹子小魚乾炒山蘇,24
402491,素食年菜芙蓉香酥羹全素,24
294414,薑味樹子山蘇,24
271682,山蘇肉片,24
303799,【香辣小魚乾炒山蘇】 開胃菜下酒菜,24
300023,杏鮑菇雞湯、小魚乾炒山蘇-美味低溫料理,24
272873,樹子炒山蘇,24
258575,小魚花生炒山蘇,24
285497,征服饕者的胃~豆豉山蘇,24
243188,山蘇小魚干,24
479142,櫛瓜肉卷 (櫛瓜料理懶人包),44
478757,乾煎櫛瓜鮮菇 / 家常菜,44
479194,櫛瓜煎餅,44
474077,蒜香櫛瓜義麵,44
478796,香煎櫛瓜,44
478569,煎櫛瓜,44
479657,鮭魚櫛瓜炒飯,44
479247,牛肉炒櫛瓜,44
477885,節瓜炒蝦仁,44
473787,櫛瓜食譜-櫛瓜麵,44
477863,清爽櫛瓜麵,44
478228,韓式櫛瓜煎餅,44
479255,櫛瓜炒鮮蝦,44
479459,櫛瓜蒜味鹹豬肉,44
477265,櫛瓜豆腐包,44
479428,櫛瓜起司堡,44
479391,椒鹽櫛瓜炒雞,44
479165,堅果櫛瓜炒雞丁,44
473780,金沙板豆腐燴節瓜,44
478838,蒜香櫛瓜炒蛋,44
475878,櫛瓜水果沙拉,44
479607,焗烤/鹽烤櫛瓜,44
479736,櫛瓜花枝蝦滑堡,44
477440,櫛瓜烘蛋,44
475254,地中海櫛瓜橄欖吐司,44
476219,沙茶牛肉炒櫛瓜,44
471553,氣炸鍋～櫛瓜,44
472707,櫛瓜高麗菜 / 家常菜,44
470880,櫛瓜煎蛋,44
475809,櫛瓜蝦滑捲,44
476528,焗烤嫩蛋節瓜,44
476953,鯷魚炒櫛瓜玉米筍,44
475087,金沙櫛瓜炒雞,44
473230,泡菜櫛瓜炒雞胸肉,44
472321,櫛瓜炒蝦仁,44
476481,櫛瓜起司烤餅,44
475970,蒜香涼拌鮪魚櫛瓜,44
474219,茄汁櫛瓜雞丁,44
477527,清爽櫛瓜壽司捲（蛋素）,44
477029,每日堅果櫛瓜青醬義大利麵,44
477722,十分鐘上菜-椒鹽乾煎節瓜,44
470473,櫛瓜牛肉捲,44
470628,簡單-氣炸櫛瓜,44
476646,櫛瓜花枝漿豆皮捲,44
476336,韭菜菇菇炒櫛瓜麵,44
477615,麻油薑泥櫛瓜炒飯（蛋素）,44
478654,蒜香奶油櫛瓜杏鮑菇,44
477997,Vegan 椰奶櫛瓜湯(燜燒鍋版),44
474107,米紙-香菇豆腐櫛瓜捲,44
479130,炒水蓮,15
479468,清炒水蓮,15
466814,水蓮煎蛋,15
477968,水蓮肉捲,15
478250,[快速] 炒水蓮,15
478225,水蓮豬肉捲,15
471966,水蓮炒百葉豆腐,15
478492,金沙水蓮杏鮑菇,15
474034,肉片炒水蓮,15
470289,豆皮炒水蓮,15
466871,水蓮與雞腿肉,15
470244,什錦水蓮拌粉絲,15
468605,紅燒皮蛋炒水蓮,15
465843,水蓮炒豆芽｜水蓮爽脆口感升級作法,15
468092,水蓮炒玉米筍,15
463135,薑絲炒水蓮,15
465967,（清炒）美白菇辣炒水蓮,15
450968,水蓮炒鹹豬肉,15
459460,水蓮鴻禧菇炒雞肉絲,15
461708,水蓮味噌湯,15
476446,龜甲萬味自慢-日式味噌醬/水蓮炒肉片,15
465023,水蓮炒秀珍菇,15
461995,水蓮的脆爽小撇步！水蓮炒豆芽,15
459864,胡麻醬涼拌水蓮,15
460938,破布子炒水蓮,15
456160,水蓮拌雞絲,15
450682,水蓮肉絲炒金針菇,15
462397,鮮醬雙色水蓮銀芽,15
466334,10分鐘搞定！川燙熱拌水蓮輕鬆上桌,15
467507,三菜一湯：肉醬豆腐 水蓮 烤雞腿 蔬菜湯,15
445833,水蓮炒肉絲,15
458983,蒜香松阪豬炒蘑菇水蓮,15
449995,豆乾絲炒水蓮,15
449826,#262 肉絲炒水蓮,15
454573,松阪豬樹子炒水蓮,15
444044,豬肉炒水蓮,15
442385,香菇炒水蓮,15
440136,鮮香菇炒水蓮,15
450854,十分鐘上菜-杏鮑菇炒水蓮,15
440468,樹子炒水蓮,15
443420,雙菇炒水蓮菜,15
432022,水蓮炒蛋,15
457131,快速上菜「香菇炒水蓮」脆脆口感好下飯,15
443683,金針菇豆乾炒水蓮,15
444347,雪白菇炒水蓮（三分鐘快炒）,15
458937,蒜香炒油菜,10
466616,油菜肉末冬粉,10
472221,白灼油菜(五辛素),10
470221,蕓薹(油菜類)味噌湯,10
455493,油菜炒蛋,10
460826,燙青菜_油菜_調味,10
453363,沙茶油菜,10
457054,油菜炒肉片,10
460791,韓式油菜泡菜유채김치,10
458363,松阪豬炒油菜,10
464552,蒜香油菜炒松阪豬,10
454126,櫻花蝦炒油菜,10
452726,油菜鱸魚排 / 家常菜,10
463585,蒜味油菜炒菇菇/微波料理,10
450755,素沙茶炒油菜,10
448873,油菜炒牛肉,10
445798,油菜炒羊肉,10
444740,醬油浸油菜,10
450174,蒜頭麻油菜頭雞湯,10
443593,珊瑚菇炒油菜,10
446753,薑絲炒油菜 / 簡單家常菜,10
445694,醬香木耳拌油菜,10
437747,油菜沙茶牛肉蓋飯,10
466305,雪裡紅 製作~簡單隨手做,10
422535,炒油菜,10
435101,鹽醃油菜炒豆干丁,10
472673,千歲吉祥雪菜豆腐,10
430698,肉末炒鹽醃油菜（雪裡紅）,10
419335,清炒油菜,10
424189,蒜炒油菜～可素食,10
417073,吻仔魚油菜,10
477150,李錦記 頭道零添加原釀醬油-醬油拌麵,10
461356,自製雪菜(懶人版),10
423652,蒜炒小松菜 (油菜) / 簡單家常菜,10
469780,燙青菜好吃秘訣,10
478890,和風馬鈴薯燉肉,10
409712,油菜炒豬肉條,10
414124,秀珍菇炒油菜,10
410382,油菜芥末義大利麵,10
408706,XO醬炒油菜,10
473652,韓式拌飯,10
416107,油菜炒腰內肉 / 家常菜,10
466787,沙茶豬肉炒麵,10
464010,古早味番茄疙瘩湯麵,10
461588,雙油炒青菜,10
459571,秀珍菇炒菜 / 家常菜,10
401115,醬燒豬肉絲油菜,10
473735,蔬食東北拌飯(五辛素),10
477190,涼拌洋蔥,36
478344,洋蔥味噌湯,36
475421,洋蔥湯,36
476804,洋蔥滷肉,36
476559,洋蔥炒蛋,36
479023,和風涼拌洋蔥,36
475506,洋蔥水,36
477826,洋蔥肉捲,36
477510,洋蔥炒臘肉,36
478752,鮪魚洋蔥蛋沙拉,36
479182,菇菇洋蔥蕃茄,36
476726,洋蔥玉米通心粉,36
475913,洋蔥炒黑輪,36
466813,洋蔥蘋果燉雞湯,36
478227,蘋果洋蔥排骨湯,36
477861,泰式涼拌洋蔥,36
475089,洋蔥臘肉炒飯,36
479732,照燒洋蔥肉捲,36
465490,洋蔥肉末炒蓮藕,36
473352,涼拌洋蔥木耳,36
460474,洋蔥木耳炒蛋,36
479533,番茄洋蔥特調滷肉飯醬,36
476982,彩椒洋蔥牛肉捲,36
479580,洋蔥培根起士派,36
479103,洋蔥奶油白酒燉馬祖淡菜,36
474184,奶油洋蔥燉飯,36
476439,日式洋蔥炒牛肉,36
471588,蘋果洋蔥滷肉,36
475481,涼拌洋蔥杏鮑菇,36
459783,和風洋蔥醬拌茄子,36
477085,西式湯品｜法式洋蔥濃湯,36
477854,洋蔥豬肉咖喱可樂餅,36
471598,法式洋蔥湯,36
460544,洋蔥炒燒肉,36
477300,蔥爆醬燒洋蔥雞丁,36
473379,南瓜洋蔥蔬菜玉米濃湯,36
467565,洋蔥雞排,36
472909,黑胡椒洋蔥炒豬,36
470942,#洋蔥蛤蜊雞湯,36
460486,海帶芽洋蔥炒蛋,36
476648,減脂 氣炸洋蔥豆腐沙拉,36
470013,蘋果洋蔥水,36
464264,洋蔥燒肉炒豆芽菜,36
469644,洋蔥炒豬肉,36
428978,洋蔥香菜豆腐乳豬肉片,36
476240,川蜀辣醬炒豬肉洋蔥,36
465211,洋蔥玉米炒蛋,36
468501,洋蔥鴨腿,36
479560,番茄牛肋條（下飯）,50
475376,無水番茄牛肋,50
463837,香腸蛋牛番茄大享堡,50
475562,番茄燉牛肋,50
472200,台式牛絞肉番茄炒意麵,50
479085,蘆筍番茄炒蛋,50
453012,番茄肥牛,50
433712,牛番茄豆腐炒蛋,50
477103,麻油香煎番茄蛋,50
478373,番茄蛋豆腐湯,50
464041,蕃茄燉牛肋,50
479713,簡單好吃的金針菇豬肉捲佐蕃茄,50
477752,超簡單的番茄豬肉雞蛋麵,50
478519,三分鐘上桌！神級番茄炒蛋做法大公開,50
477705,番茄炒蛋 (無油版),50
477438,速成茄汁通心粉,50
449541,番茄牛肋條,50
471992,番茄義大利麵佐烤蘋果牛肋條,50
477161,義式蔬菜湯,50
473682,蕃茄炒蛋,50
475648,番茄燉牛肉（電鍋版）,50
476258,打拋豬蝦仁飯,50
469168,番茄玉米炒蛋,50
470510,紅燒蕃茄牛肋（使用夏普0水鍋）,50
451146,蕃茄燉馬鈴薯牛肋條,50
475697,焗烤牛肉蕃茄盅｜百慕達微波烤箱,50
475758,番茄雞蛋蔥油餅疙瘩,50
479265,親子共食～營養蔬菜牛肉麵,50
476393,番茄舞菇炊飯,50
479212,沙茶鮮蝦麵,50
475325,蕃茄燉牛肉,50
469045,懶人簡單燉蕃茄牛腩（全聯牛肋條）,50
479448,減脂餐 超級簡單 最廢的那種～,50
474926,大蕃茄肉盅｜百慕達微波烤箱,50
474268,清爽時蔬湯麵,50
476584,番茄蛋花清湯,50
470379,酸梅甜椒,50
470442,小魚乾番茄蛋花湯,50
476442,羅宋湯,50
474632,香菇風味番茄炒蛋,50
474764,鯛魚紅燒蕃茄麵,50
473238,番茄蘋果豬肉燉飯,50
479175,番茄肉醬,50
477847,油醋高麗菜絲豬肉沙拉,50
474634,蕃茄炒雞胸肉,50
477896,西班牙海鮮飯,50
475321,番茄牛肉粥,50
475472,田園鮮蔬雞肉捲餅,50
470482,寶寶副食9m ¥洋蔥蕃茄牛肉飯,50
478251,椒鹽玉米,56
477719,玉米蛋,56
479070,減脂料理～大黃瓜玉米雞丁,56
479722,玉米蘿蔔湯,56
479753,玉米高麗菜水餃,56
475134,肉末玉米,56
478497,香料玉米排,56
478092,玉米排骨湯,56
477750,玉米蝦仁蛋,56
474709,玉米雞湯,56
477299,狗尾草玉米雞湯,56
479779,皮蛋玉米瘦肉粥,56
476768,玉米雞肉煎餅,56
476726,洋蔥玉米通心粉,56
478718,免揉玉米餅,56
478688,蘿蔔玉米排骨湯,56
475883,玉米蒸肉餅,56
475038,鮪魚玉米吐司,56
475460,椒鹽玉米塊,56
477978,高麗菜玉米豬肉水餃,56
477599,奶油玉米蘑菇濃湯,56
477646,起士玉米炒蛋,56
474795,培根玉米筍,56
477533,塔香椒鹽玉米,56
479055,玉米高麗菜炒飯,56
476719,蔥花麵包＆玉米麵包,56
476076,玉米起司蛋捲,56
469168,番茄玉米炒蛋,56
478043,高麗菜玉米豬肉蛋餅,56
473134,烤玉米筍,56
475113,奶油玉米炒雞丁,56
469566,玉米鍋貼,56
474304,高湯煮玉米,56
474242,玉米蛋香蝦餅,56
479007,清甜玉米蓮藕湯、雞絲同步完成,56
473006,台式玉米雞蛋湯,56
467979,蒜香奶油毛豆炒玉米,56
476953,鯷魚炒櫛瓜玉米筍,56
477172,韓式魚板玉米蘿蔔湯-電鍋,56
477003,小黃瓜優格鮪魚玉米,56
474629,山藥紅蘿蔔玉米排骨湯,56
474778,蛋炒肉末玉米粒,56
474395,玉米麵饅頭(純素),56
461976,四季豆醬炒玉米筍,56
471994,玉米蘿蔔排骨湯,56
474257,古早味玉米蛋花湯,56
474795,培根玉米筍,27
473134,烤玉米筍,27
476953,鯷魚炒櫛瓜玉米筍,27
461976,四季豆醬炒玉米筍,27
458432,［減醣］烤玉米筍,27
477798,玉米筍香腸雙蔥佛卡夏,27
457757,甜豆炒玉米筍,27
475310,蒜香櫛瓜蝦仁玉米筍,27
469471,金沙茭白筍玉米筍,27
467919,秋葵炒玉米筍,27
468092,水蓮炒玉米筍,27
466838,三色小菜/玉米秋葵玉米筍,27
425055,金沙玉米筍,27
458873,甜豆玉米筍,27
459943,炒甜椒玉米筍,27
459954,玉米筍肉捲捲,27
462373,焗烤馬鈴薯蝦仁毛豆玉米筍,27
450223,玉米筍煎蛋,27
453928,奶油蒜香玉米筍,27
452207,奶油水煎玉米筍,27
450230,小黃瓜炒玉米筍,27
443730,肉醬玉米筍,27
453743,金沙杏鮑菇玉米筍,27
450637,青江菜炒玉米筍 / 家常菜,27
438922,椒鹽玉米筍,27
443670,甜不辣炒玉米筍,27
446534,蒜味奶油玉米筍,27
443259,玉米筍肉卷,27
444995,清蒸帶殼玉米筍,27
448247,醬燒玉米筍小黃瓜,27
444937,芹菜玉米筍炒花枝,27
448614,蒜香金針菇玉米筍,27
441509,玉米筍四季豆肉醬,27
440580,香料烤玉米筍,27
447450,舞菇炒雞胸肉玉米筍,27
451206,椒鹽蒜香麵腸玉米筍 / 家常菜,27
445993,鹽烤帶殼玉米筍,27
439285,龍鬚菜玉米筍 / 家常菜,27
455846,第一晚：糖醋肉，奶油蒜味西蘭花玉米筍,27
449662,瘦身-涼拌綠竹筍&燙花椰菜玉米筍,27
445559,舞菇玉米筍菜脯雞湯,27
436668,《涼拌蘆筍＆玉米筍》,27
433916,玉米筍炒花椰菜,27
444377,泰式辣拌花椰菜/玉米筍,27
444400,什錦炒玉米筍(五辛素),27
456496,蘑菇炒甜豌豆,59
454976,甜豌豆炒菇,59
436645,甜豌豆炒雞胸肉,59
437603,簡單好料理：金沙甜豌豆,59
434216,甜豌豆炒時蔬,59
468936,家常涼拌甜豆(五辛素),59
421211,竹筍&甜豌豆&杏鮑菇的奶油醬油沙拉,59
477081,地中海料理｜鹽漬黃檸檬香料燉雞翅,59
455783,奶香炒烏龍,59
446399,10分鐘上菜-水炒甜豆,59
457324,玉米番茄燉飯,59
458930,炒荷蘭豆,59
455740,(金蘭國產有機醬油)私房家常燒豆腐,59
429638,雞肉鍋飯,59
334699,干貝炒甜豌豆,59
443390,豌豆義大利麵｜Vitamix調理機,59
324143,甜豌豆炒干貝,59
322642,甜豌豆炒軟絲,59
434469,蔬食豌豆濃湯｜Vitamix調理機,59
416910,鳯梨蝦抱美人腿(茭白筍),59
408056,便當店清炒豌豆(五辛素),59
417085,木耳炒甜豆(五辛素),59
418461,日式鮮筍炊飯(蔬食),59
456279,在家烤披薩 ～海鮮口味 & 仿六小福口味,59
440694,和風海鮮披薩（蛋餅皮版）,59
255271,副食品-甜豌豆泥,59
417045,印度綠咖喱抓飯ग्रीन पुलाव,59
395233,烤咖哩雞腿排佐沙拉,59
343153,綠咖哩紐約客牛排飯,59
351420,什錦蔬菜起司烘蛋 （清冰箱超方便）,59
386102,防疫宅料理~粉紅胡椒蒜燒蝦熱沙拉,59
323011,蟹管肉炒飯（寶寶副食品1Y2M)全聯食譜,59
351823,甜玉米蛋沙拉,59
346965,玉米筍肉捲,59
333647,馬來西亞－芙蓉燒包,59
320896,泰國藍象綠咖喱,59
376544,燻雞披薩,59
358167,法式薯泥釀鯛魚,59
295756,馬鈴薯燉肉,59
364467,西班牙海鮮燉飯,59
355339,鳳梨燉肉濃湯 - 用烤箱燉濃湯,59
322065,鳳梨豪華海鮮炒飯,59
319333,甜豌豆莢奶油乳酪開放三明治,59
295754,什錦飯,59
275075,馬鈴薯蔬菜燉肉,59
300195,烤鮭魚佐時蔬沙拉,59
266916,菇菇豆腐蒸蛋【好菇道親子食光】,59
242917,素蔬什錦菇 #罐頭料理,59
256847,蒜炒鮮蔬,59
261119,沙茶花生醬炒中卷,59
456503,韓式醃白蘿蔔,30
475367,白蘿蔔燒肉片,30
475639,素燒白蘿蔔湯,30
470673,紅燒白蘿蔔,30
479476,電鍋出好菜—日式白蘿蔔佃煮,30
477337,百香大根（百香果醃白蘿蔔）,30
472057,酸甜醃白蘿蔔,30
470871,白蘿蔔肉粥,30
460475,清燉牛肉洋蔥白蘿蔔,30
473822,烤烏魚子佐蒜苗白蘿蔔,30
473326,清燉白蘿蔔牛肉湯/家常菜,30
463345,滷白蘿蔔,30
478918,菜頭排骨貢丸湯,30
471183,小菜_醃白蘿蔔（超簡單快速）,30
465207,白蘿蔔燒肉,30
451333,白蘿蔔香菇肉絲粥（電子鍋）,30
479562,紅燒蘿蔔 / 家常菜,30
479722,玉米蘿蔔湯,30
479515,炒蘿蔔絲,30
477176,蘿蔔糕,30
479245,炸蘿蔔糕,30
462230,醬油醃白蘿蔔,30
461590,醬滷白蘿蔔,30
462897,白蘿蔔豬肉餡水餃,30
470559,冬季限定～白蘿蔔牛腩湯（附蘸醬）,30
461515,醃製紅蘿蔔白蘿蔔,30
479556,蒜苗炒蘿蔔糕,30
473910,蘿蔔蒸肉,30
463014,日式白蘿蔔牛肉湯,30
478688,蘿蔔玉米排骨湯,30
478954,彩色蕃茄蘿蔔沙拉,30
477329,味噌炒紅蘿蔔豬肉,30
457197,無水白蘿蔔燉肉,30
473243,特福鮮呼吸電子壓力鍋-白蘿蔔雞腿藥膳湯,30
455089,白蘿蔔牛肉湯,30
477452,青檸醃蘿蔔,30
472314,台式蘿蔔糕,30
473933,台式蘿蔔泡菜/素,30
476714,蘿蔔貢丸排骨湯,30
478875,麻香蘿蔔絲餅,30
478852,日式豚肉佃煮蘿蔔,30
479398,菜脯炒蘿蔔糕,30
471220,蘿蔔魚丸湯,30
476383,簡易蘿蔔絲餅,30
478219,醃漬蘿蔔（柚子風味）,30
439699,白蘿蔔冬粉湯,30
476350,辣牛肉蘿蔔湯,30
479426,金沙秋葵,49
476663,秋葵蒸蛋,49
477590,涼拌秋葵 / 家常小菜,49
479361,秋葵薑飲OkraGinger Drink,49
478936,鴨血牛肉燴秋葵,49
478982,涼拌小黃瓜雪白菇秋葵,49
477106,香蒜辣炒秋葵,49
476125,麻香秋葵肉捲,49
479751,蔭豆吻仔魚炒秋葵,49
472247,山藥秋葵拌飯,49
462025,秋葵,49
271464,家常菜~秋葵炒蛋,49
460509,咖喱板豆腐炒秋葵,49
464645,炒秋葵,49
464197,秋葵炒蛋,49
466716,蒜蓉秋葵,49
476914,奶油炒秋葵(オクラのバター炒め),49
463050,涼拌秋葵,49
466233,秋葵豬肉卷,49
476993,養肌輕料理｜秋葵海苔豆漿玉子燒,49
468397,寶寶副食品-秋葵煎蛋,49
465549,香炸秋葵,49
466172,香煎秋葵豬肉捲,49
467919,秋葵炒玉米筍,49
476913,秋葵和鰹魚片(オクラのおかか和物),49
467029,秋葵炒蛋（蛋素）,49
465676,用秋葵勾芡？無澱粉勾芡秋葵酸辣湯,49
464951,涼拌皮蛋秋葵,49
469274,秋葵炒蛋 ( 家常菜懶人包 ),49
466976,秋葵鮮蚵豆腐,49
463924,味噌秋葵肉醬,49
465954,涼拌秋葵 / 簡單小菜,49
461481,鹽水燙秋葵,49
467004,微波版秋葵炒貢丸,49
457125,蒸秋葵,49
457868,天婦羅秋葵,49
467514,鹽麴涼拌秋葵 / 簡單家常菜,49
462299,涼拌秋葵海帶芽,49
463551,胡椒秋葵醬雞排,49
466838,三色小菜/玉米秋葵玉米筍,49
462191,日式秋葵蒸蛋,49
461479,秋葵炒嫩蛋,49
461482,夏日秋葵沙拉,49
461483,清燙秋葵,49
454974,五角秋葵,49
458389,醬燒秋葵,49
476270,腐乳空心菜,2
478567,空心菜炒牛肉,2
458239,空心菜雞蛋湯,2
478671,沙茶牛肉炒空心菜,2
476149,沙茶肉絲空心菜,2
478381,清爽開胃 魚露空心菜,2
468586,清炒宜蘭溫泉空心菜,2
458211,空心菜小魚乾湯,2
467301,燙空心菜,2
477054,沙茶牛肉炒脆梗空心菜,2
468237,◆蝦醬空心菜,2
460417,空心菜炒杏鮑菇,2
466542,空心菜炒羊肉,2
461671,空心菜湯,2
465358,蝦醬空心菜,2
467245,◆广西蒜蓉空心菜,2
466533,沙茶肉絲空心菜炒麵,2
462368,空心菜炒香菇,2
462259,鮮炒空心菜,2
461874,油拌空心菜,2
462127,沙茶羊肉空心菜,2
458094,空心菜炒美白菇,2
460212,泡菜炒空心菜,2
462076,蒸空心菜配鯛魚,2
460162,蒜香培根空心菜,2
448586,空心菜炒肉絲,2
448897,沙茶空心菜,2
461589,鵝油香蔥拌空心菜,2
446526,炒空心菜,2
449587,空心菜炒回鍋肉,2
443249,芝麻空心菜,2
465745,簡單的料理食譜 豆包炒空心菜,2
447196,#255 豆腐乳空心菜,2
445425,清炒空心菜,2
443625,蒜炒空心菜,2
442927,沙茶炒空心菜,2
444180,荷包蛋炒空心菜,2
446181,蒜末炒空心菜,2
444631,沙茶肉片炒空心菜,2
441984,豆乳醬空心菜,2
436484,皮蛋空心菜,2
444402,辣炒空心菜梗,2
449344,蒜香豆豉空心菜炒五花肉,2
439878,沙茶牛肉空心菜,2
442209,沙茶豬肉炒空心菜,2
441676,自製鹹豬肉炒空心菜,2
477038,金沙茭白筍,25
468588,茭白筍炒肉絲,25
479721,炒蝦仁茭白筍豆子,25
476287,醬燒皎白筍,25
476955,茭白筍炒五花肉,25
476330,皎白筍炒肉絲,25
473396,椒鹽茭白筍,25
477515,金沙鹽昆布茭白筍,25
469555,茭白筍炒墨魚花枝漿,25
477018,蔥蒜香金沙茭白筍,25
468666,金沙茭白筍,25
468592,電子鍋雞胸肉茭白筍日式炊飯,25
476315,茭白筍剝皮辣椒雞蓋飯,25
475393,肉末炒雙筍（皎白筍、蘆筍）,25
460476,茭白筍炒秀珍菇,25
476660,鹹蛋茭白筍原釀醬香炊飯,25
459461,茭白筍炒燒肉,25
467699,茭白筍炒蛋,25
472767,金沙茭白筍｜「烹大師」干貝風味,25
463407,烤茭白筍,25
469471,金沙茭白筍玉米筍,25
466176,茭白筍燴雞胸,25
446640,炒茭白筍,25
464650,清甜水煮茭白筍,25
462323,青醬茭白筍,25
460724,茭白筍芋頭貢丸蛋花湯,25
455812,培根茭白筍,25
458520,豆瓣炒茭白筍,25
459637,茭白筍炒鮮香菇,25
450822,茭白筍,25
464217,茭白筍炒肉 / 家常菜 / 腹肌餐,25
452280,金沙美人腿,25
449912,燜茭白筍,25
463866,蝦仁豆腐丸子/清蒸皎白筍/香菇玉米雞湯,25
450205,茭白筍炒蛋,25
459258,簡單出好菜：茭白筍炒蝦仁,25
450947,茭白筍金針湯,25
450281,茭白筍炒香菇,25
449655,茭白筍炒肉片,25
459833,下飯神器：香煎鮭魚佐茭白筍,25
446389,茭白筍炒肉絲,25
448514,金沙嫩肉茭白筍,25
453476,泡菜牛肉滑蛋茭白筍,25
448113,北方式茭白筍,25
446806,醬炒茭白筍,25
449387,茭白筍酸菜炒肉,25
449970,金沙茭白筍(無油版),25
448233,泰風涼拌茭白筍,25
466773,◆紅蔥頭炒蔬菜,40
409853,紅蔥頭韭菜,40
401006,紅蔥頭油酥,40
478715,簡易版雞肉飯（雞腿肉）/樸實的經典好味道,40
405150,自炸豬油---豬油拌飯/拌麵,40
420367,脆煎干貝佐紅蔥頭奶油醬,40
468914,橄欖紅蔥油,40
395198,蔥香豬油,40
475715,家庭小菜｜簡單 美味 南瓜排骨盅,40
477422,蒜香火腿蛋炒飯,40
397691,lanni 炸油蔥酥,40
475069,魯肉飯,40
472615,【蒼蠅頭】,40
476390,青龍炒小魚乾-快速版,40
477794,竹筍蛤蠣粥,40
474505,海南雞飯,40
477959,麻香米紙腸粉,40
477810,簡易上手家常油飯,40
475886,越式咖哩雞｜咖哩雞這樣煮更夠味,40
468457,豬板油紅蔥醬 ~簡單隨手做,40
475651,蒜蓉金針菇,40
477531,越式豬腳湯,40
385223,絲瓜蛤蜊麵線,40
399296,炒麵,40
475282,古早味油飯,40
475267,蘿蔔糕,40
476746,越南番茄豬肉米線湯,40
475151,香辣珠貝醬,40
477484,北部粽/栗子蛋黃粽/台灣小吃,40
374590,油蔥拌麵,40
475449,「叻沙」那碗微酸辣帶椰漿香的好滋味,40
477474,香菇肉羹/台灣小吃,40
474922,催淚皮蛋醬,40
473190,麻辣煮芥菜,40
477365,李錦記 頭道零添加原釀醬油-炒意麵,40
434920,炒米粉,40
474832,泰式涼拌薄荷肉,40
474337,簡易蜜汁叉燒,40
477321,豆腐苦瓜封,40
400837,#164 蒜頭拌麵線,40
470396,家庭小菜｜蒿筍炒肉片 簡單 健康菜式,40
477449,李錦記 頭道零添加原釀醬油-花生魯三層肉,40
473412,刈包,40
477326,越式香辣排骨湯（冬粉）,40
477539,越式紅燒牛腩,40
462017,氣炸雞翅膀,40
459253,油蔥酥,40
475154,家庭小菜｜ 蕗蕎菜炒火鴨絲 時節小菜,40
471496,臘味古早粥,40
477393,醬香肉末煸豆乾毛豆(李錦記頭道原釀醬油),40
478997,紅蘿蔔炒蛋,31
478937,胡蘿蔔馬芬,31
477329,味噌炒紅蘿蔔豬肉,31
476698,山藥紅蘿蔔軟骨肉,31
465867,紅蘿蔔金針菇炒蛋,31
479446,超級簡單 紅蘿蔔蛋沙拉,31
469861,紅蘿蔔炒青椒,31
469116,紅蘿蔔炒高麗菜,31
462260,紅蘿蔔絲炒麵腸,31
471406,胡蘿蔔炒蛋,31
470733,馬鈴薯紅蘿蔔燉肉,31
474629,山藥紅蘿蔔玉米排骨湯,31
463045,紅蘿蔔絲炒米血,31
474220,香菜胡蘿蔔丸子(純素),31
470817,紅蘿蔔蘋果全麥蛋糕,31
464199,炒紅蘿蔔,31
466603,紅蘿蔔炒蛋 / 家常菜,31
463987,胡蘿蔔絲瓜,31
479702,佃煮馬鈴薯紅蘿蔔杏鮑菇,31
467188,塔香紅蘿蔔絲炒金針菇,31
472222,白菜滷不要紅蘿蔔,31
468971,紅蘿蔔炒蛋 / 省錢家常菜,31
464735,芝麻紅蘿蔔蛋糕,31
465353,牛奶紅蘿蔔煎餅,31
470905,甜椒紅蘿蔔炒牛肉,31
464633,胡蘿蔔炒蛋 / 家常菜,31
462898,紅蘿蔔炒蛋水餃,31
471271,炒牛蒡雞蛋紅蘿蔔（蛋素）,31
466177,［微波料理］紅蘿蔔蒸蛋,31
468683,胡蘿蔔豬肉水煎包,31
467078,胡蘿蔔亞麻仁抹醬,31
469328,香料胡蘿蔔佐中東芝麻醬｜Vitamix,31
466841,紅蘿蔔刨片炒肉片,31
460228,紅蘿蔔雞蛋蔥油餅,31
455427,胡蘿蔔粥,31
467654,黑豆紅蘿蔔大麥炊飯（全素）,31
467492,涼拌胡蘿蔔絲(五辛素),31
454957,紅蘿蔔甜不辣,31
467527,洋蔥胡蘿蔔燉排骨（電鍋版）,31
454597,胡蘿蔔蛋糕,31
464830,油爆蒜香紅蘿蔔沙拉,31
461153,櫛瓜胡蘿蔔蛋,31
464611,百分百紅蘿蔔濃湯,31
460172,薑汁紅蘿蔔馬鈴薯濃湯,31
470875,韓料魷戲 尋找△ 紅蘿蔔炒青花菜,31
460424,紅蘿蔔炒馬鈴薯 / 家常菜,31
466402,蓮藕玉米紅蘿蔔蓮子瘦肉湯,31
475070,炒紅鳳菜,13
476212,麻油炒紅鳳菜,13
463882,素羊肉炒紅鳳菜,13
454839,巧克力豆饅頭（添加紅鳳菜汁）,13
457055,天然色素（紅鳳菜的湯水製）-饅頭,13
405610,紅鳳菜三吃,13
375078,紅鳳菜煎餅,13
374121,紅鳳菜煎蛋,13
370158,樹子紅鳳菜,13
335651,麻油紅鳳菜,13
329067,[快速] 炒紅鳳菜,13
342237,紅鳳菜拌菇(夏至時令),13
311304,豬肉炒紅鳳菜,13
410323,乾煎鮭魚 薑黃飯,13
396612,實用便當28,13
251763,紅鳳菜炒豬肉,13
243115,早食「紅鳳菜」補血超健康,13
225421,【副食品】紅鳳菜泥 電子鍋烹飪,13
202907,紅鳳菜素沙茶,13
197817,拌紅鳳菜（紅菜）～全素,13
275978,麻油炒紅菜,13
179469,麻油薑絲紅鳳菜,13
309695,烤肉串彩米飯盒,13
177473,麻油紅鳳菜炒豬心,13
158216,麻油炒紅鳳菜～,13
299364,彩米珍珠丸子,13
255303,簡易便當菜,13
299423,彩米五穀拼盤(彩米養生飯),13
151382,細兒 <3 素炒紅鳳菜,13
138618,悶燒紅鳳菜(月子料理),13
108045,美味紅鳳菜(紅菜),13
197888,減重便當菜,13
251504,紅酒帕式達陶鍋拌麵Vs南瓜洋蔥濃湯,13
107604,紅鳳菜豬肉捲 佐腐乳芝麻醬,13
105379,紅鳳菜拌炸醬『維力炸醬』,13
211237,夏日求生技能！用自製醬汁將台灣蔬菜大變身,13
86682,超簡單又快速-麻油紅鳳菜,13
205370,香椿起司鐵觀音麵/素食,13
141455,麻油紅菜,13
160753,咖哇伊*龍貓飯糰彩米家族,13
103126,芝麻油炒紅菜,13
121269,補血麻油雞蛋麵線~五木拉麵,13
479469,絲瓜炒蛋,42
477342,絲瓜蛤蜊,42
477036,絲瓜蛤蠣,42
477675,絲瓜捲,42
477218,蛤蜊絲瓜,42
473155,絲瓜木耳炒蛋,42
478486,炒絲瓜,42
479161,絲瓜蛤蜊麵線,42
477964,絲瓜蛋花湯,42
477116,絲瓜麵線,42
478299,絲瓜年糕,42
476779,絲瓜蛤蜊麵,42
476583,絲瓜煎蛋湯,42
477490,絲瓜蝦仁炒麵,42
468399,日式炒絲瓜,42
459721,絲瓜雞腿麵,42
476054,干貝燴絲瓜,42
474415,澎湖絲瓜炒蛋,42
461647,絲瓜炒豆腸,42
462263,絲瓜炒素腰花,42
475864,蒜炒絲瓜湯,42
473162,蒜香絲瓜,42
479244,十分鐘上菜-颱風絲瓜麵,42
460485,絲瓜雞絲冬粉,42
461630,絲瓜燒肉雞絲麵,42
465545,絲瓜海帶芽炒冬粉,42
475631,鹹蛋炒絲瓜,42
473161,昆布鹽嫩雞胸炒絲瓜,42
466915,絲瓜三鮮,42
460616,XO醬炒絲瓜,42
477316,蛋香蒜香蛤蜊絲瓜,42
476291,絲瓜砂鍋粥 超簡單,42
478545,10分鐘上菜-枸杞炒絲瓜,42
469454,絲瓜豆腐湯,42
470967,絲瓜雞蛋麵,42
473245,蛤蠣絲瓜魚肉燉飯,42
468444,絲瓜炒蛤蜊,42
465122,絲瓜什錦炒麵,42
466448,絲瓜煎餅,42
466705,鹹蛋絲瓜麵線,42
467411,絲瓜雞蛋麵線,42
460005,絲瓜炒杏鮑菇,42
466805,◆蝦米褒絲瓜,42
463987,胡蘿蔔絲瓜,42
479749,涼拌綠竹筍,26
477654,綠竹筍肉絲粽/台灣小吃,26
477223,日常咖哩便當菜｜蝦仁竹筍綠咖哩,26
461605,焗烤培根綠竹筍,26
444431,綠竹筍炒肉末,26
445217,綠竹筍燒雞 / 家常菜,26
439933,綠竹筍排骨湯,26
478961,竹筍排骨湯,26
446748,低卡料理~綠竹筍炒肉絲,26
478268,竹筍雞湯,26
462545,竹筍瘦肉粥,26
439580,簡易電鍋版-綠竹筍湯,26
449662,瘦身-涼拌綠竹筍&燙花椰菜玉米筍,26
447485,塔香綠竹筍香菇排骨湯,26
445318,滿滿的蔬菜~ 綠竹筍炒麵,26
477323,竹筍炒杏鮑菇,26
479623,竹筍炊飯,26
477794,竹筍蛤蠣粥,26
478794,虱目魚肚竹筍粥,26
465221,竹筍排骨湯｜,26
477970,~竹筍飯~,26
428304,鎏沙脆絲綠竹筍,26
415529,清燙綠竹筍,26
414566,綠竹筍鹹粥,26
479409,竹筍香菇雞煲,26
466098,自製酸筍絲(純素),26
463620,竹筍湯,26
476777,香菇竹筍粥,26
461730,筍子粥,26
476461,免顧火也能做｜客家竹筍炊飯,26
466099,自製香辣玉筍(純素),26
418002,清炒綠竹筍(五辛素),26
425638,我的手作～芋泥綠竹筍蛋餅,26
478901,古早味飯湯,26
419215,綠竹筍燒肉︱入口即化超下飯！,26
466548,自製香辣玉筍(小份量),26
466467,中西式結合 早午餐盤,26
455538,乳白色高湯，竹筍排骨湯 - 大漠國渡,26
460939,筍片滷雞翅,26
396349,涼拌海鮮綠竹筍,26
463994,酪梨鴨肉捲,26
460082,蠔油豆干炒筍丁,26
463555,竹筍雞肉炊飯,26
445352,涼筍沙拉,26
383378,沙拉綠竹筍,26
464233,竹筍香菇雞炊飯,26
463002,鮭魚炒炊飯,26
458247,美生菜炒荷包蛋,16
453433,幸福年菜自己做做看～蠔油燴美生菜,16
430861,培根美生菜蛋炒飯,16
478980,榴槤火腿起司吐司 /挑戰您的榴槤指數,16
479748,雞肉溫沙拉,16
479094,優格咖哩雞,16
474785,酥脆塔可蔥油餅,16
477194,炸魚條佐塔塔醬,16
475167,龜甲萬味自慢–照燒醬｜照燒梅花豬肉豆腐捲,16
457997,生菜玉米起司吐司,16
471838,生菜蝦鬆,16
467404,雞肉沙拉,16
469685,油芒番茄稀飯,16
471273,日式飯糰便當（紫蘇、味噌、豆皮）,16
454088,英式早餐,16
463390,香煎雞腿排&烤番茄醬汁,16
457986,秘醬雞腿排蔬食吐司,16
450393,煙燻鮭魚蘋果捲,16
455016,羊肉褒兩吃,16
456900,洋芋片豆腐沙拉,16
460170,毛豆牛肉炊飯,16
456065,香煎雞胸溫沙拉+田原香靈芝滴雞精,16
448201,馬告鮪魚蘋果沙拉,16
448740,簡單美味的便當菜料理～日式漢堡排,16
456053,能量早餐-鮪魚蛋堡+田原香花旗參滴雞精,16
464699,馬鈴薯燉排骨,16
457714,甜椒炒蟹腳肉,16
456579,【蒟蒻雪麵】鮮蝦莎莎蒟蒻麵,16
458142,蠔油蘑菇蝦滑小漢堡,16
447474,菇菇冬粉,16
434594,《低卡無米壽司》雞胸肉海苔蔬菜捲,16
450943,蔬食手捲｜蛋餅皮｜奶蛋素,16
444811,港式餐肉蛋飯,16
440748,［超經典］蛋沙拉吐司,16
456581,酸菜木耳薑鴨湯,16
466715,減脂健康蒜香義式沙拉,16
437998,黃金泡菜鴨賞熱壓吐司,16
441186,滑蛋貢丸燴飯,16
447793,清爽舞菇小黃瓜捲/温沙拉捲,16
435873,馬鈴薯蛋餅,16
463085,清爽洋蔥鮪魚蘋果生菜捲,16
438011,涼麵,16
438478,煎泡麵,16
442095,黑豆肉骨茶飯,16
374139,蕃茄羅美生菜炒泡麵溫沙拉。統一麵肉燥風味,16
441933,究市集｜肉蛋吐司,16
458622,鮮蔬松阪豬肉堡~熱壓機食譜,16
438322,紹興便當,16
462920,手撕豬肉漢堡｜壓力鍋煮更省時美味,16
479774,芋頭西米露,37
478946,蜜芋頭,37
467185,芋頭米粉,37
475483,芋頭飯,37
475505,芋頭麵包,37
474489,芋頭年糕,37
479327,芋頭酥蛋餅,37
476260,芋頭燒肉,37
475410,芋頭米粉湯,37
472328,芋頭肉丸,37
472056,芋頭糕,37
473855,自家製芋頭糕,37
458242,芋頭貢丸炒小黃瓜,37
479303,芋頭綿綿冰｜Vitamix調理機,37
475139,蜜芋頭（電鍋版）,37
477027,萬用電子鍋/芋頭蓮子湯,37
477078,麻香排骨蒸芋頭,37
472309,鴨肉芋頭粥,37
469169,芋頭燉肉,37
474441,芋頭蛤蜊鹹粥,37
471222,客家芋頭米粉,37
473842,芋頭肉燥粥,37
467825,芋頭豆腐,37
465770,芋頭丸,37
468673,芋頭饅頭卷,37
251197,芋頭椰奶桃膠糖水,37
467173,芋頭燒雞,37
470424,肉燥芋頭米粉,37
473667,芋頭紫米糕(低糖版),37
470006,芋頭米粉湯(二),37
462782,芋頭粥,37
473421,濃郁綿密的芋頭蘿蔔糕,37
472644,廣式干貝臘味芋頭年糕,37
461783,豆芽菜炒芋頭糕,37
464883,排骨蒸芋頭,37
471232,芋頭香菇瘦肉粥/鹹粥,37
472025,古早味芋頭米粉湯,37
466849,電鍋版「芋頭西米露」一鍋到底、濃郁芋頭香,37
469012,桂花酒釀芋頭甜湯,37
461912,芋頭封肉,37
467247,芋頭豆漿西米露（全素）,37
461554,芋頭南瓜饅頭,37
469397,lanni 芋頭鹹飯(電鍋版),37
461441,素食芋頭巧,37
462730,芋頭奶茶蛋塔,37
467982,芥蘭菜炒豆皮,6
471498,芥蘭菜炒臘腸,6
473073,清燙芥蘭菜佐醬油,6
460860,蒜炒芥蘭菜心,6
478556,芥蘭蝦仁 / 家常菜,6
479259,炒芥藍菜 / 家常菜,6
477403,蠔油芥藍,6
457275,《炒芥蘭菜》,6
472633,茴香芥蘭菜湯,6
478124,汆燙芥藍菜花,6
471612,涼拌芥蘭芽,6
474911,鹹豬肉炒芥藍,6
470790,芥蘭炒蝦仁,6
468041,蠔油芥蘭,6
473314,炒芥藍花菜,6
473252,清炒白花芥蘭,6
474061,芥藍炒香菇,6
468301,炒芥蘭 / 家常菜,6
449348,辣炒芥蘭菜,6
458640,芥藍炒香腸,6
467028,蠔油蒜香炒芥蘭,6
458048,蒜炒芥藍,6
468527,lanni 芥藍菜炒豆包,6
455480,枸杞芥蘭,6
439269,蒜香芥蘭菜,6
436149,蠔油臘腸芥蘭菜（簡單）,6
458323,蠔油芥蘭(藍) / 簡單家常菜,6
462059,鹹豬肉炒芥蘭（10分鐘快炒）,6
451090,薑炒芥蘭,6
458574,蠔油沙茶牛肉燴芥蘭,6
431635,芥蘭菜炒香腸,6
454159,蒜香芥蘭苗,6
449899,臘腸炒芥蘭,6
454684,芥藍菜炒鹹豬肉,6
449660,芥蘭牛肉 / 家常菜,6
451624,家常沙茶芥蘭牛肉,6
450856,沙茶芥蘭炒牛肉,6
463219,蝦皮豬肉炒芥蘭｜加入香菇更添鮮,6
450137,蒜蓉蠔油芥蘭,6
449408,鮮菇炒芥蘭,6
457436,蠔油炒牛肉芥蘭手剪麵,6
448811,鴨賞炒芥蘭,6
449575,炒芥藍 / 家常菜,6
446736,蒜炒芥蘭豬肉,6
447254,魚乾辣椒炒芥蘭,6
422365,臘味芥蘭菜｜料理宗師,6
448853,芥藍菜炒粄條,6
438032,清炒芥蘭,6
471124,家常菜飯,6
475837,炒花椰菜,52
471967,花椰菜炒肉絲,52
474336,椒鹽花椰菜,52
472664,清炒花椰菜｜紹興花椰菜,52
473088,蝦皮炒白花椰菜,52
473074,炒花椰菜,52
468587,白花椰菜炒德國香腸,52
471974,白花椰菜豆皮粥,52
469591,綠花椰菜聖誕樹,52
473236,氣炸咖喱味花椰菜,52
470183,焗烤花椰菜豆腐,52
468481,巴沙魚花椰菜,52
468098,花椰菜炒雞胸,52
466875,鮭魚+綠花椰菜,52
463036,蒸花椰菜,52
469000,辣炒牛肉花椰菜,52
473524,蒜香奶油花椰菜炒蝦仁,52
465865,花椰菜番茄炒蛋,52
478540,養肌輕料理｜香草海鮮花椰菜米炒飯,52
468380,白花椰菜炒蝦仁,52
461565,花椰菜炒蛋,52
470528,一花三吃-花椰菜料理,52
473476,寶寶副食～吻仔魚花椰菜炊飯,52
468566,蛋炒花椰菜（蛋素）,52
467132,蒜香白花椰菜,52
462607,鮮蝦花椰菜,52
462384,綠花椰菜咖哩,52
465301,花椒鮭魚炒花椰菜,52
461913,干鍋花椰菜,52
452547,番茄炒白色花椰菜,52
455362,綠花椰菜炒香腸,52
469727,奶香起士花椰菜,52
471272,寶寶副食品10m+～海陸花椰菜飯,52
468547,鹽麴涼拌彩椒花椰菜,52
444599,「盧丁雞蛋料理」蝦仁蒸全蛋佐花椰菜,52
460730,炸魚&煮花椰菜｜過熱水蒸氣烤箱微波爐,52
457579,蒜香花椰菜,52
461526,醋溜木耳花椰菜,52
450681,花椰菜炒魚豆腐,52
463093,川燙花椰菜（可涼拌）,52
452528,花椰菜粥,52
462580,超市料理-堅果花椰菜沙拉,52
473348,絕對入味！香氣滿滿的乾鍋白花椰菜,52
458284,花椰菜炒木耳,52
449416,花椰菜湯麵,52
459728,花椰菜菇菇鯛魚蒸蛋,52
453441,和風花椰菜/5分鐘/零廚藝,52
456120,花椰菜豆腐玉子燒,52
458750,魚板炒芹菜與芹菜葉,29
479150,芹菜炒肉片,29
478352,芹菜炒甜不辣,29
475165,芹菜丸子,29
474678,芹菜蛋花湯,29
474048,芹菜炒魷魚,29
473678,芹菜保存,29
473983,芹菜炒豆乾,29
473076,芹菜炒花枝,29
474963,芹菜豆腐 / 素家常菜,29
472382,芹菜炒魚丸,29
471512,芹菜炒豆包,29
472239,芹菜炒豆干,29
472394,芹菜炒豆包 / 家常菜,29
475718,油悶鴨胸 芹菜,29
474147,醬爆芹菜魷魚絲,29
472396,芹菜炒鴨賞,29
466437,芹菜炒花枝 芹菜炒海鮮,29
470293,肉絲木耳炒芹菜,29
470067,芹菜炒鵝腸,29
473832,十分鐘上菜-芹菜炒豆乾,29
469361,芹菜炒生魷魚,29
471857,熗拌芹菜(五辛素),29
449444,芹菜炒牛肉,29
457610,芹菜豬肚,29
386514,芹菜豆乾豬五花,29
469692,椒麻涼拌芹菜(五辛素),29
469769,椒麻芹菜醬蘿蔔(純素),29
472839,芹菜炒豆皮～簡單營養好吃的蔬食小炒,29
473814,涼拌西芹(五辛素),29
459384,豆瓣芹菜燒石斑魚,29
455206,芹菜炒豆皮,29
464166,芹菜豆干絲 / 簡單家常菜,29
450956,蠔油芹菜,29
455587,芹菜炒透抽,29
455348,芹菜葉玉子燒,29
457834,炒山芹菜 / 炒野菜,29
476578,醬爆四寶-香炒五花肉x豆干x芹菜x脆瓜,29
479770,苦瓜鑲肉(苦瓜丸),46
479263,金沙苦瓜,46
478502,苦瓜鹹蛋,46
476898,苦瓜炒蛋,46
479412,鳳梨苦瓜雞湯,46
478737,豆鼓苦瓜,46
477824,梅漬涼拌苦瓜,46
478310,涼拌苦瓜鹹蛋,46
478463,家常炒苦瓜,46
477321,豆腐苦瓜封,46
477026,苦瓜肉燥,46
477385,紫蘇梅山苦瓜,46
476966,苦瓜封肉,46
479231,梅釀三色苦瓜,46
476996,山苦瓜炒蛋,46
476687,苦瓜排骨湯,46
477284,日式苦瓜沙拉,46
479230,梅釀綠苦瓜,46
472745,鹹蛋苦瓜封,46
477677,丁香豆鼓苦瓜,46
479437,鹹蛋苦瓜—新手失敗,46
477009,青苦瓜炒鹹蛋,46
477244,爆打苦瓜檸檬茶,46
462757,白玉苦瓜辣炒蛋,46
478929,梅子燒苦瓜(純素),46
478759,懶人菜譜-滷苦瓜,46
477314,鹹豬肉辣炒山苦瓜,46
477793,沖繩山苦瓜炒豆腐,46
475259,豆豉香菇燜苦瓜,46
478632,十分鐘上菜-鹹蛋炒苦瓜,46
477283,苦瓜鳳梨汁｜Vitamix調理機,46
477155,香辣小魚燜苦瓜,46
463975,柴魚燒山苦瓜炒蛋,46
478830,十分鐘上菜-豆鼓炒苦瓜,46
469305,醬油悶苦瓜,46
466615,滷苦瓜,46
465406,豆豉苦瓜,46
469054,鳳梨苦瓜湯,46
479504,鳳梨苦瓜香菇雞湯 (簡單雞湯懶人包),46
465688,豆瓣醬苦瓜,46
467736,鳳梨苦瓜雞,46
462941,鹹蛋苦瓜,46
463595,山苦瓜辣豆瓣醬炒素腸,46
469539,苦瓜排骨湯（電鍋）,46
464370,苦瓜鑲肉,46
479045,肉末茄子,41
478488,炒茄子,41
477491,水煮茄子,41
479105,清炒茄子,41
475841,氣炸茄子,41
475641,蒸茄子,41
477313,醬燒茄子,41
479378,清蒸茄子(純素),41
474067,涼拌茄子,41
476945,蔥蒜肉末茄子,41
478439,三杯茄子寶寶粥,41
462261,茄子蛋包豆腐,41
471538,煙燻肉桂茄子咖哩,41
473830,蠔油茄子雞丁,41
473789,西西里茄子燉菜,41
472415,茄子義大利麵,41
459783,和風洋蔥醬拌茄子,41
476300,香菇雞蛋燒茄子（蛋素）,41
477339,《醬燒塔香茄子豆腐》,41
466277,辣豆瓣茄子炒豆乾,41
467320,茄子炒蛋,41
472299,鹹蛋白煮茄子,41
472102,蒜蓉蒸茄子,41
465841,三杯茄子,41
463991,茄子肉餅,41
463770,微波茄子,41
473882,懶人菜譜-茄子番茄炒蛋,41
468503,茄子粉絲煲,41
477689,長豆炒茄子 (端午應景)~簡單隨手做,41
459722,川燙蒜蓉醋醬涼拌茄子,41
468504,茄子炒豬絞肉,41
467530,胖胖茄子地瓜麵包,41
466302,花椒日本水茄子,41
466677,酸辣涼拌燒茄子,41
469493,土豆茄子燒豆角,41
455190,魚醬茄子,41
462958,茄子粉絲煲,41
462783,塔香茄子,41
462791,蒜蓉茄子,41
459184,茄子蛋,41
467720,茄子起司牛肉卷,41
461755,茄子冬粉煲,41
474482,山茼蒿豆腐湯,5
470564,炒山茼蒿,5
474186,熱拌香菇風味山茼蒿,5
470705,韓式涼拌山茼蒿쑥갓두부무침,5
455025,涼拌山茼蒿,5
451376,蒜炒山茼蒿,5
472332,扇貝肉茼蒿煎蛋,5
451541,炒茼蒿,5
433601,山茼蒿蝦仁烘蛋,5
430222,韓式涼拌山茼蒿쑥갓간장무침,5
430220,韓式涼拌山茼蒿쑥갓된장무침,5
432595,山茼蒿煎蛋(奶蛋素),5
432575,我的家常菜～蒜蓉炒山茼蒿,5
427255,涼拌豆皮山茼蒿,5
449537,冬菜炒茼蒿,5
409286,山茼蒿炒蛋,5
451037,古早味油蔥炒茼蒿,5
434008,清炒茼蒿,5
473135,客家鹹湯圓,5
434581,涼拌福山茼蒿,5
435293,肉骨茶茼蒿麵,5
453144,一人壽喜鍋,5
477201,麻油松阪豬湯麵,5
427977,蘑菇蛋炒茼蒿,5
399090,蒜炒香菇山茼蒿,5
432826,素食/茼蒿素丸子清湯,5
426631,#209 茼蒿豬肝湯,5
476405,番茄雞蛋湯加料版,5
472095,麻油魚湯,5
459197,蕈菇豆腐蔬菜湯/李錦記舊庄特級蠔油,5
471281,烏魚米粉湯,5
459596,日式豆腐魚味噌湯｜みそ汁,5
473374,鮮肉元宵,5
472213,豬肉麻奶鍋,5
471771,減脂鮮蝦豆腐鍋,5
470963,豬扒陽春麵,5
455621,蔬魚蕎麥麵｜そば,5
399282,酸辣黑木耳涼拌山茼蒿．柯媽媽の植物燕窩,5
454458,韓式豆腐冬粉鍋,5
403558,皮蛋炒茼蒿,5
469985,暖暖沙茶香蘿蔔糕湯/Vegan純素,5
455642,茼萵炒牛肉,5
360091,山茼蒿炒杏鮑菇,5
453145,韓式宴會蔬菜煎餅,5
457537,奧莉廚房 金蘭醬油 手切滷肉飯,5
432090,鮮肉湯圓,5
357327,和風蛤蜊山茼蒿湯義大利麵,5
454343,白灼雙蔬,5
404702,「此乃吾春天」茼蒿豆腐沙拉,5
428445,晚餐：壽喜燒牛、氣炸鮭魚、炒青菜,5
479576,紅莧菜炒豬肝,4
478741,莧菜炒菇菇,4
477146,小魚乾炒莧菜,4
477349,【蛋素】上湯莧菜麵,4
473862,莧菜鱸魚蒸,4
475023,清炒紅莧菜,4
465457,莧菜鯛魚片,4
466125,薑絲麻油炒莧菜,4
469158,莧菜肉羹蛋花味噌湯,4
462401,金銀莧菜湯,4
465601,金銀蛋炒莧菜,4
463989,紅莧菜味噌湯,4
463817,煨莧菜 silverbeet/chard,4
462551,秘製莧菜蛋花湯,4
464358,韓式莧菜大醬湯비름나물된장국,4
463829,吻仔魚炒紅莧菜,4
476881,醬燒皮蛋莧菜／李錦記 頭道零添加原釀醬油,4
449967,小魚乾莧菜,4
448643,吻仔魚莧菜,4
448662,莧菜蓋混蛋肉末,4
443055,皮蛋炒莧菜,4
443303,金銀蛋莧菜,4
447817,莧菜炒雙蛋,4
463432,清爽又營養台灣美食｜無澱粉吻仔魚莧菜羹,4
439331,皮蛋紅莧菜,4
436937,莧菜燴菇,4
447202,家常莧菜湯(五辛素),4
437958,蒜炒紅莧菜,4
447412,營養高鈣-紅莧菜小魚湯,4
446265,麻油薑炒紅莧菜,4
429746,莧菜粥,4
453049,莧菜銀魚羹｜銀髮老人食譜 好入口好營養,4
437177,莧菜吻仔魚粥,4
435008,蒜子金銀蛋莧菜,4
427549,韓式涼拌莧菜비름나물무침,4
427838,莧菜吻仔魚湯,4
422615,紅莧菜炒豆包,4
446450,秋葵的健康勾芡法｜低碳吻仔魚莧菜湯,4
416846,涼拌莧菜根莖,4
423726,莧菜豆腐煲～可素食,4
412480,莧菜豆腐羹,4
410351,莧菜皮蛋湯,4
425001,我的家常菜～莧菜炒小魚干,4
479026,印尼椰奶蔬菜湯Bobor Bayam,4
410626,莧菜蝦仁豆腐羹,4
410121,蒜炒莧菜苗,4
423705,莧菜吻仔魚粥～寶寶粥,4
407179,莧菜炒雪白菇,4
476977,菠菜炒肉片,1
474819,韓式菠菜,1
473890,炒菠菜,1
475103,麻油菠菜蛋花湯,1
455698,菠菜雞蛋炒冬粉,1
471209,菠菜蛋花湯,1
478597,日式涼拌菠菜,1
471381,麻醬菠菜,1
473749,菠菜腐竹,1
474076,豆腐拌菠菜,1
473371,菠菜雞蛋湯,1
476261,薑絲枸杞炒菠菜,1
470598,菠菜豬肝,1
475133,雞蛋豬肉炒菠菜,1
468366,菠菜蒸蛋,1
472405,炒香菇菠菜,1
458101,菠菜炒木耳,1
471499,蒜味菠菜,1
457754,菠菜炒鹹蛋,1
470906,薑香麻油炒波菜,1
477488,日式菠菜蝦仁蛋炒麵,1
474537,鮪魚菠菜起士烘蛋,1
458089,菠菜炒香菇,1
472182,虱目魚骨菠菜湯,1
471405,菠菜烘蛋,1
470338,麻醬拌菠菜,1
471002,韓式涼拌菠菜시금치무침,1
470697,菠菜豆腐佐芝麻醬,1
470366,山菠菜雞蛋湯,1
470398,小魚乾炒菠菜,1
474890,奶油菠菜泥｜Vitamix調理機,1
469849,燙菠菜 / 簡單家常菜,1
472163,菠菜粉漿蛋餅,1
469506,好市多鴨肉炒波菜,1
475690,草仔粿(菠菜、艾蒿),1
462112,涼拌菠菜,1
472099,奶油乳酪菠菜烘蛋,1
473242,奶香菠菜牛肉燉飯,1
474252,麻油薑香炒菠菜里肌肉,1
472040,菠菜蛋炒飯（親子丼醬）,1
461412,菠菜濃湯,1
459355,辣醬菠菜,1
469176,經典開胃小菜｜麻醬菠菜,1
469464,焗烤鮭魚波菜派FishPie,1
459165,~涼拌菠菜~,1
470087,沙茶醬炒菠菜金針菇,1
457707,菠菜炒蛋,1
456623,牛奶火腿醬汁燴菠菜,1
457392,菠菜蛋,1
473157,蒜苗炒高麗菜,22
478735,蒜苗炒叉燒,22
479556,蒜苗炒蘿蔔糕,22
474364,蒜苗鹹豬肉,22
475368,蒜苗炒臘肉,22
476721,蒜苗豆豉燴鯊魚肉,22
472024,蒜苗炒鹹豬肉,22
472621,蒜苗炒香腸,22
473791,鹹蛋黃金沙蒜苗炒板豆腐,22
473147,蒜苗炒梅花肉,22
469239,蒜苗炒鯊魚,22
471631,臘雞腿炒蒜苗,22
473036,蒜苗豆乾炒鹹豬肉,22
473822,烤烏魚子佐蒜苗白蘿蔔,22
464712,自種小蒜苗炒豆腐,22
473191,十分鐘上菜-回鍋肉炒蒜苗,22
471192,蒜苗醬燒烏魚 / 家常菜,22
470686,青蒜苗炒蕃茄蛋,22
459608,蒜苗燒魚,22
454291,蒜苗五花肉,22
456585,香腸炒蒜苗,22
454241,臘腸炒蒜苗,22
455371,蒜苗皇帝豆炒木耳及魚丸,22
463824,杏鮑菇蒜苗炒臘腸,22
465028,鴻禧菇蒜苗炒鴨賞,22
456075,蒜苗炒鹹豬肉,22
456464,蒜苗炒松阪豬,22
452643,蒜苗松阪豬,22
456706,乾煸蒜苗豆乾,22
452145,蒜苗烏魚膘,22
455046,蒜苗炒鴨賞,22
455006,【一鍋到底】蒜苗雞湯,22
459306,蒜苗炒雞腿肉杏鮑菇,22
454048,蒜苗豬肉豆乾包,22
453291,洋蔥毛肚炒蒜苗,22
450549,蒜苗醬燒烏魚,22
449046,芹菜蒜苗炒雞胸,22
448713,蒜苗米血糕,22
454047,蒜苗炒豬肉(離緣肉),22
450023,蒜苗豆乾炒臘肉,22
453983,好市多牛三寶炒蒜苗,22
432132,蒜苗臘肉,22
442288,古早味蒜苗炒五花肉,22
433122,醬燒蒜苗旗魚,22
442869,蒜苗香蒜炒香腸豆乾,22
479305,大蒜油,35
478947,蒜頭燉雞,35
479583,烤蒜頭鮭魚,35
479334,蒜頭蝦清湯,35
479366,蒜頭蛤蠣雞湯,35
477678,蒜頭蛤蜊雞湯,35
478948,蒜頭牛小排,35
475685,油封大蒜,35
477626,大蒜蔬菜濃湯(燜燒鍋版),35
470977,蒜頭雞湯,35
473405,鐵板蒜頭雞,35
472914,黑蒜頭雞湯,35
474859,蒜頭雞湯,35
476285,菜脯蒜頭蛤蜊雞湯,35
473718,胡椒蛤蜊蒜頭雞湯,35
468215,蒜頭雞,35
472370,蜂蜜大蒜煎羊排,35
465106,蒜頭橄欖油,35
476026,九層塔薑絲大蒜炒蛤蜊,35
469782,當歸蒜頭香菇雞湯,35
471984,大蒜鹽醬小黃瓜,35
462004,蒜頭炊飯,35
459090,蒜頭飯,35
465177,蒜頭橄欖油乾麵,35
462432,蒜頭冬粉雞湯,35
468430,亁魷魚蒜頭蛤蜊雞湯,35
472681,媽媽的味道～蒜頭乾拌麵,35
464401,蒜頭蔥爆蝦,35
466129,電鍋-蒜頭菜脯雞湯,35
461342,蒜頭乾麵,35
464362,蒜頭黑蜆湯,35
458883,高麗菜蒜頭雞湯,35
462596,蒜頭香菇雞湯【一人份】,35
466425,香草羊排與大蒜馬鈴薯泥,35
461461,酒嗆蒜頭蝦,35
456895,大蒜奶油吐司,35
409180,黑金暖心黑菜脯黑蒜頭烏骨雞湯,35
454259,蒜頭香菇雞湯,35
458528,蒜頭醬油芒果青,35
460877,蒜頭炒雞腿 / 簡單家常菜,35
458171,蘆筍蒜頭炒蝦仁,35
454819,大蒜玉米麵包,35
458034,蒜頭蛤蜊香菇雞湯,35
447999,油封蒜頭 Garlic Confit,35
478065,涼拌蓮藕,39
465542,牛肉炒蓮藕,39
463047,蓮藕片炒雞胸,39
465490,洋蔥肉末炒蓮藕,39
461633,蓮藕豬里肌煮,39
466516,蓮藕片炒鴻禧菇,39
468576,蓮藕肉餅,39
479174,涼拌黑芝麻沙拉藕片,39
479007,清甜玉米蓮藕湯、雞絲同步完成,39
473420,蓮藕青椒炒鴨賞,39
461696,蓮藕,39
470719,蓮藕香菇烏骨雞湯,39
458174,蓮藕雞腿排炊飯,39
465874,蓮藕肉捲,39
465940,涼拌麻辣蓮藕,39
465652,醬炒蓮藕,39
470448,黃瓜蓮藕排骨玉米湯,39
466584,蓮藕山藥排骨湯,39
476458,免顧火也能做｜蓮藕豬骨湯,39
462353,韓式涼拌蓮藕,39
461417,蓮藕黃豆漿,39
464688,清蒸馬蹄蓮藕肉丸子,39
478067,熗拌蓮菜(五辛素),39
466402,蓮藕玉米紅蘿蔔蓮子瘦肉湯,39
471934,古早味碗粿 / 電鍋料理 (蓮藕粉版),39
457162,涼拌茉莉金桔蓮藕,39
451943,冰糖蓮藕茶,39
452093,蓮藕片蒸鱸魚,39
456922,蓮藕玉米粒薯餅,39
455974,豆渣蓮藕盒｜過熱水蒸氣烤箱微波爐,39
450964,蘋果蓮藕捲,39
455972,雞茸蓮藕盒｜過熱水蒸氣烤箱微波爐,39
455973,炸雞茸蓮藕盒｜過熱水蒸氣烤箱微波爐,39
463677,芋頭藕粉涼糕｜蓮藕粉取代太白粉更健康,39
459080,Ca's Kitchen粉葛章魚蓮藕湯,39
467430,蓮藕花生肋排湯｜BUYDEEM北鼎粉漾壺,39
446328,蓮藕排骨湯,39
445445,蓮藕竹筍雞湯,39
451142,素蒸餃&蓮藕豆腐湯,39
446735,日式糖醋蓮藕,39
442922,醬燒蓮藕,39
456061,炸蓮藕酪梨三明治｜過熱水蒸氣烤箱微波爐,39
445773,蓮藕排骨玉米湯,39
443650,蓮藕肉餅-排油鍋,39
444161,照燒蓮藕肉餅,39
448182,蓮藕排骨湯/零廚藝,39
442796,清炒蓮藕片,39
475551,蔥多多蔥蛋,23
476856,無敵方便蔥蛋蔥,23
478883,蔥香雞絲,23
478873,米紙蔥肉餅,23
479392,蔥燒豆包,23
477340,油蔥醬,23
479707,微波爐炸蔥油,23
478858,金針菇蔥蛋,23
476352,蔥薑煎魚,23
478631,蔥爆沙茶牛肉,23
476344,蔥燒雞腿,23
478722,蔥蛋卷 / 簡單早餐,23
476031,蔥燒鱸魚,23
478236,甜蔥爆豬肉,23
474327,蔥燒鮭魚,23
475092,甜蔥雞湯,23
479507,蔥抓餅加蛋,23
475109,蔥燒大餅,23
474962,香蔥燒餅,23
474494,蔥肉餅-米紙,23
477274,低蛋白蔥餅,23
472378,蔥大餅,23
479714,香蔥海南雞飯,23
474259,蔥香蝦仁,23
479156,蒜味蔥鹽雞胸肉,23
479171,#281 蔥燒鯛魚塊,23
476745,姜葱炒蟹,23
476579,韓式蘋果蔥泡菜,23
473992,油蔥麵線,23
476517,蔥燒雞腿丁,23
476499,香蔥滷肉燥,23
470661,蔥燒餅,23
475343,手抓蔥肉餅,23
477919,蔥燒虱目魚柳 / 家常菜,23
477110,醬燒蔥豆腐,23
473064,蔥鹽雞丁,23
477384,蔥燒虱目魚皮 / 家常菜,23
475093,蔥燒牛肉片,23
469070,蔥麵包,23
473951,蔥燒梅花豬,23
473766,蔥爆鴨胸,23
475935,蔥爆白玉蘭花蚌,23
474095,葱燒板豆腐,23
475471,甜蔥燒肉卷,23
471346,酒釀蔥抓餅,23
459685,雞絲蔥油拌麵,23
470222,蘋果蔥肉包,23
470497,蔥爆豬肉,23
478933,雙蔥燒梅花軟骨(萬用鍋),23
478173,薑糖漿,34
476895,薑燒豬肉,34
477435,酸甜醃嫩薑,34
479270,熱黑糖薑可可,34
473906,薑母鴨,34
476352,蔥薑煎魚,34
477731,醃漬糖醋嫰薑,34
479361,秋葵薑飲OkraGinger Drink,34
479222,蔴油薑Sesame Oil Ginger,34
472364,地瓜薑湯,34
478389,全麥薑黃餅皮,34
473731,薑黃蛤蜊凍,34
479307,木薑子辣椒醬(五辛素),34
476311,【全素】薑鮮小黃瓜,34
471578,薑黃蘿蔔雞湯,34
479518,夏日飲品-薑檸養生蔬果汁,34
471244,家鄉味薑母鴨,34
468994,薑煮牛奶,34
478881,嫩薑涼拌川耳(五辛素),34
459511,薑薑四重奏,34
470184,薑燒雞腿排,34
470115,薑黃蛤蜊香菜,34
476651,薑黃枸杞饅頭(手揉版),34
476092,蘋果薑黃泡菜(五辛素),34
471449,無水蔥薑鮮魚-年年有餘,34
470703,薑味肉絲,34
467095,醃嫩薑,34
473605,印尼薑黃飯Nasi Kuning,34
466768,◆薑黃飯,34
477615,麻油薑泥櫛瓜炒飯（蛋素）,34
469456,蘿蔔薑棗湯,34
466156,薑黃大腸,34
468881,簡易蔥薑醬,34
465890,蜂蜜薑可可,34
470784,廈門風味薑母野鴨,34
478166,十分鐘料理-古早味南薑胭脂李,34
475722,薑黃椰奶湯麵(五辛素),34
463070,薑黃雞腿飯,34
474252,麻油薑香炒菠菜里肌肉,34
463444,冬瓜薑雞湯,34
461918,斯里蘭卡芫荽籽薑茶,34
468275,養生薑黃玫瑰饅頭,34
465766,薑黃雞湯麵,34
472630,薑黃煮自製醃高菜(芥菜),34
470906,薑香麻油炒波菜,34
467826,蒜香薑黃飯,34
470330,麻油酒香薑蛋麵線,34
461298,三薑飲,34
478358,蘆筍炒牛肉,28
479085,蘆筍番茄炒蛋,28
475870,蘆筍花枝蝦仁,28
477443,蘆筍炒肥牛,28
473888,火腿炒蘆筍,28
478045,蒜香蛤蠣炒蘆筍,28
477246,蛤蜊蒜香炒蘆筍,28
469860,培根炒蘆筍,28
478430,清炒鮮蝦蘆筍義大利麵,28
474763,白蘆筍蜂蜜乳酪蛋糕,28
475018,白蘆筍慕斯蛋糕,28
473404,清炒蘆筍義大利麵,28
457755,清炒蘆筍,28
455699,香煎干貝蘆筍,28
470859,醋香干貝炒蘆筍,28
475393,肉末炒雙筍（皎白筍、蘆筍）,28
461420,洋蔥蘆筍濃湯,28
460833,黑胡椒蘑菇蘆筍,28
467684,煙燻鮭魚蘆筍扁意粉,28
457758,蘆筍炒美白菇,28
461552,蘆筍鮮蝦捲,28
462097,鮮蝦干貝蘆筍,28
465026,蒜香蘆筍松阪豬,28
463788,炒鴻禧菇蘆筍,28
458690,蘆筍炒蝦仁,28
458477,蘆筍牛肉捲,28
463886,蝦仁蘆筍佐甜椒,28
457527,火腿蘆筍卷,28
460570,白蘆筍排骨湯,28
460496,清炒蘆筍蝦仁,28
454077,家常菜-蘆筍卷,28
454944,蘆筍炒蘑菇,28
454052,蘆筍肉捲,28
454605,蘆筍炒蝦,28
458171,蘆筍蒜頭炒蝦仁,28
459359,蘆筍炒鮮蝦干貝,28
457759,蘆筍炒嫩雞胸,28
457405,海蘆筍中卷,28
455920,沙茶牛肉炒蘆筍,28
457465,干貝蝦仁蘆筍炒,28
459920,蘆筍蒸灌湯小籠包,28
458059,微波版蘆筍炒香菇,28
463094,《在家學法餐》奶油蘆筍燉飯,28
454053,美奶滋蘆筍,28
453840,蘆筍比目魚義大利麵,28
461882,和風蘆筍馬鈴薯沙拉/素/10分鐘,28
456315,蠔油雞柳炒蘆筍,28
456376,蒔蘿奶油蘆筍炒蝦仁,28
473261,雞肉蘋果蘿蔓沙拉船,19
452836,蘿蔓炒肉末,19
455365,凱撒燻雞蘿蔓乳酪沙拉,19
451237,蒜炒蘿蔓,19
446918,蘿蔓炒菇菇,19
461910,蘿蔓豆腐炒菇～有飽足感的減脂菜,19
475472,田園鮮蔬雞肉捲餅,19
431269,烏魚子蘿蔓馬鈴薯沙拉（創意年菜）,19
473284,酪梨生菜沙拉,19
474062,太陽蛋吐司 / 十分鐘早餐,19
477114,鮮蝦芝士三明治 | 減脂高蛋白輕食,19
422777,蘿蔓河粉蛋餅,19
475167,龜甲萬味自慢–照燒醬｜照燒梅花豬肉豆腐捲,19
477203,好市多減脂料理～雞胸肉早午餐,19
474346,在家滿福堡 / 簡單早餐/擺盤,19
464012,五色沙拉/素/10分鐘,19
471152,生菜油條蝦鬆,19
474882,壽喜燒肉堡,19
470852,鴨胸潛艇堡,19
471240,野菇豬腱肉溫沙拉,19
474021,早餐沙拉,19
452743,蘋果蕃茄沙拉/在美國料理隨手作11,19
406317,減醣白腰豆蘿蔓沙拉,19
472672,生菜沙拉 / 自調油醋醬,19
472718,金磚凱撒沙拉 / 清冰箱,19
452105,蕃石榴黑莓沙拉/在美國料理隨手作14,19
472994,清冰箱沙拉,19
474340,千島醬沙拉(五辛素),19
474619,燒肉滿福堡 / 簡單早餐,19
391945,加州葡萄乾培根蘿美沙拉,19
459124,炒米粉~,19
459069,炒米粉,19
451409,炒米粉,19
464048,雞肉溫沙拉,19
452143,蘋果炒飯,19
464699,馬鈴薯燉排骨,19
462589,油醋酪梨沙拉,19
451941,意大利沙拉/在美國料理隨手作1,19
456900,洋芋片豆腐沙拉,19
352892,蘿蔓松阪豬,19
458142,蠔油蘑菇蝦滑小漢堡,19
445288,無骨牛小排水果沙拉,19
436886,凱薩沙拉,19
368035,藍起司培根烤蘿蔓熱沙拉,19
439242,新鮪魚摺疊飯糰,19
447656,生酮食譜|沙茶蝦丸生菜包,19
421878,烤鮭魚/鮭魚沙拉/零失敗,19
431936,速拌鮮蔬雞肉沙拉,19
449800,生酮食譜|巧克力花生牛肉堡,19
441364,究市集｜韓式煎豬五花,19
460916,菜豆（豆角）飯,57
476594,豆角雞胸肉,57
475790,長豆臘腸粥,57
459038,菜豆粥（長豆粥）,57
477749,簡單下飯料理：悶炒長豆,57
462973,XO醬炒長豆,57
477689,長豆炒茄子 (端午應景)~簡單隨手做,57
477055,豇豆炒豆豉肉末,57
465471,菜豆炒豆棗,57
469493,土豆茄子燒豆角,57
465764,酸豆角炒雞丁,57
467117,皮蛋豆角炒肉末,57
465059,長豆打拋豬,57
461854,茄子燒豆角(五辛素),57
469015,【簡易家常料理】豆角炒雞蛋,57
460869,長豆蒼蠅頭,57
462986,長豆香菇豬肉稀飯,57
462396,米穀粉長豆煎餅,57
462014,長豆玉米炒絞肉,57
464326,孜然香爆肉末長豆,57
459036,菜豆炒金針菇,57
461623,醬燒長豆煨肉,57
460247,醬燒長豆炒肉末,57
465966,（清炒 ）鴻禧菇辣炒長豆,57
460487,菜豆炒麵腸,57
463359,豬肉酸豇豆包子,57
461264,菜豆鹹稀飯,57
454852,菜豆炒杏鮑菇,57
438339,肉末豆角(二),57
464029,納豆味噌燒菜豆（全素）,57
443401,山葵拌長豆,57
457542,蒜香菜豆 / 家常菜,57
445751,長豆炒肉絲 / 家常菜,57
441203,日曬長豆乾,57
414061,藍家小館-蒜香長豇豆,57
443927,豇豆炒蛋,57
443922,金沙豇豆,57
441210,酸豆角清湯麵,57
441989,酸豇豆炒飯,57
448084,菜豆飯(影片),57
441380,長豆牛肉豆豉小魚乾,57
442738,古早味 - 長豆排骨湯,57
378349,蒜蓉豇豆(菜豆),57
438174,涼拌長豆(五辛素),57
442757,牛肉酸豆角餄餎麵,57
446164,欖菜豇豆煨麵,57
463996,涼拌菜豆仔,57
442423,菜豆炒素肉末,57
429168,長豆煎蛋,57
478284,豌豆菇菇豬肉咖哩飯,58
470801,炒豌豆,58
479325,大排長龍的巫婆湯店-爽口的豌豆濃湯,58
457085,豌豆炒蘑菇,58
450991,豌豆炒香菇,58
456496,蘑菇炒甜豌豆,58
454976,甜豌豆炒菇,58
462151,豌豆苗日式胡麻醬沙拉,58
455926,豌豆苗炒雞樅,58
460551,夏天吃的豌豆紅蘿蔔豆乾炒飯,58
444991,豌豆竹筍炒肉,58
433529,豌豆黃,58
447980,土式茄汁燉豌豆,58
434134,豌豆炒花枝,58
436645,甜豌豆炒雞胸肉,58
443390,豌豆義大利麵｜Vitamix調理機,58
439120,蒜香蘑菇炒豌豆,58
432740,彩椒佐豌豆,58
427528,蘑菇炒豌豆,58
434216,甜豌豆炒時蔬,58
434469,蔬食豌豆濃湯｜Vitamix調理機,58
475157,開箱廚房必備調味醬！誠泰干貝XO醬,58
477912,香煎紅鮋魚片 / 酥香不膩0失敗,58
430247,高蛋白野菇豌豆濃湯,58
441607,一人饗宴：鯷魚豌豆羽衣甘藍義大利麵套餐,58
436774,南瓜豌豆與梅花肉燉飯,58
420328,沙茶炒豌豆芽,58
369664,豌豆。濃湯,58
413346,蒜拌豌豆嬰,58
408985,清炒豌豆紅蘿蔔,58
416681,豌豆鮮炒干貝燒,58
475382,日常拌菜,58
466388,［微波料理］義式茄汁海鮮,58
459641,金玉豆腐-By Greenis,58
408848,豌豆苗炒茭白筍,58
468936,家常涼拌甜豆(五辛素),58
411708,提升免疫力：雞胸肉蓋豌豆飯,58
421211,竹筍&甜豌豆&杏鮑菇的奶油醬油沙拉,58
417153,時蔬松阪豬肉蝦仁搭豌豆苗,58
410116,豌豆炒鴻禧菇-Anita的廚房,58
418137,豌豆炒雙鮮/微波料理/懶人食尚,58
412967,藍家小館-雙菇豌豆苗（無油）,58
408056,便當店清炒豌豆(五辛素),58
453772,明太子鹽麴炒麵｜過熱水蒸氣烤箱微波爐,58
450659,油豆腐炒碗豆,58
461411,芭樂精力湯,58
477081,地中海料理｜鹽漬黃檸檬香料燉雞翅,58
395959,不出門的豌豆苗,58
458930,炒荷蘭豆,58
380017,豌豆炒蔬菜,58
474766,炒辣椒,55
476507,剝皮辣椒牛,55
479530,剝皮辣椒煎餃,55
475159,剝皮辣椒雞湯,55
479559,醬油醃辣椒(純素),55
476585,剝皮辣椒粉絲湯,55
476994,豆豉辣椒蒸臘魚,55
474201,剝皮辣椒紙包雞,55
477598,剝皮辣椒蘿蔔排骨湯,55
474497,烤剝皮辣椒雞翅,55
476872,剝皮辣椒手撕雞,55
473947,剝皮辣椒雞炒麵,55
471113,剝皮辣椒炊飯,55
473010,墨西哥酸辣椒Jalapeño,55
472311,剝皮辣椒炒牛肉,55
470863,辣椒炒外婆菜,55
469712,剝皮辣椒肉燥,55
477913,【悶燒鍋料理-剝皮辣椒雞】-火牌燜燒鍋,55
469307,剝皮辣椒絞肉丸子,55
469225,蘋果辣椒南瓜湯,55
468497,剝皮辣椒雞肉飯,55
471922,花生辣椒油(純素),55
468451,剝皮辣椒雞肉通心麵,55
474958,【奶素】剝皮辣椒猴菇湯,55
474386,剝皮辣椒脆瓜豆腐燒肉,55
476315,茭白筍剝皮辣椒雞蓋飯,55
469076,剝皮辣椒雞炒飯,55
470280,剝皮辣椒雞肉湯,55
469932,銀耳白木耳剝皮辣椒雞湯,55
470117,剝皮辣椒金針豬肉捲,55
469622,蒜蓉辣椒燴肉片,55
472051,(一起做) 家傳醬油醃辣椒,55
473059,誰都會的剝皮辣椒排骨湯,55
464718,剝皮辣椒炒豬,55
472109,古早味辣椒油(純素),55
458375,辣椒肉餅,55
462770,剝皮辣椒蒸肉,55
472864,Ca's Kitchen辣椒燴免治豬肉,55
469656,昆布小黃瓜剝皮辣椒沙拉,55
469723,剝皮辣椒絞肉佐香菜皮蛋,55
478835,燙青江菜,8
476957,炒青江菜,8
476427,青江菜煎蛋,8
479457,菇菇火腿青江菜,8
476855,蒜炒青江菜,8
463044,青江菜炒香菇,8
473886,醃酸菜- 青江菜,8
475264,炒青江菜絲,8
470866,蠔油炒青江菜,8
466913,清燙青江菜,8
471978,辣雞醬炒青江菜煙燻豆包,8
465877,蠔油青江菜,8
464337,味噌炒青江菜（全素）,8
471639,炒滷豆乾青江菜（全素）,8
459357,燙青菜 / 青江菜,8
466252,簡單不勾芡版蠔油青江菜,8
456202,青江菜炒蝦仁,8
458076,炒A菜+青江菜,8
457209,板豆腐絞肉金針菇炒青江菜,8
457510,蠔油青江菜炒蛋 / 家常菜,8
452265,青江菜米粉湯,8
459149,青江菜炒蝦仁雪白菇,8
450739,青江菜炒蛋 / 家常菜,8
452411,青江菜加炒肉末,8
450850,青江菜炒豆皮 / 家常菜,8
454268,薑絲青江菜炒花枝(快速料理),8
447379,青江菜炒牛肉,8
450637,青江菜炒玉米筍 / 家常菜,8
443158,鮮菇青江菜,8
445233,青江菜炒木耳 / 家常菜,8
445002,青江菜炒菇 / 鮑魚菇,8
445936,燒椒醬炒豆皮青江菜,8
478086,青江午餐肉,8
427875,湯匙菜炒甜不辣,8
438346,韓式青江菜泡菜청경채김치,8
437282,青江菜菜飯 (砂鍋版),8
441130,蒜香蘑菇炒青江菜,8
443180,青江菜炒菇 / 擺盤分享,8
445347,青江菜炒油揚豆腐｜五步驟｜健康Easy,8
437407,清炒青江菜(純素),8
439938,白灼青江菜(五辛素),8
477328,脆皮燒肉飯菜,8
440491,鮮菇燴青江菜 (宴客菜),8
474888,自製雪裡蕻,8
428198,清炒青江菜,8
474475,青花菜保存分享,51
466641,麻油青花菜,51
471608,蒜香青花菜 / 家常菜,51
477082,無烤箱版｜焗烤鮪魚青花菜通心粉,51
452132,青花菜保存,51
461293,脆皮燒肉燴青花菜,51
453420,滑蛋花椰菜/青花菜/10分鐘/家常菜,51
462232,蒜炒杏鮑菇青花菜,51
453142,鱸魚青花菜 / 家常菜,51
462394,和風青花菜火腿柴魚蛋沙拉,51
453453,花枝丸青花菜 / 家常菜,51
445423,薑絲青花菜,51
445696,韓式辣醬青花菜炒豬肉片,51
473894,燙青菜 / 擺盤分享,51
434829,苦茶油青花菜 / 家常菜,51
479561,牛排沙拉,51
434308,常備小菜/涼拌青花菜紅蘿蔔,51
469280,板豆腐飯,51
435693,青花菜炒甜不辣 / 當季家常菜,51
477341,奶油海鮮燉菜,51
440910,青花菜起司濃湯｜Vitamix調理機,51
424392,蒜片青花菜,51
432167,簡單韓式青花菜紅蘿蔔拌菜,51
473339,醃雞腿 義大利麵,51
477620,雞腿鐵板捲捲麵,51
477411,奶油白醬雞肉燉菜,51
433676,青花菜 花椰菜｜過熱水蒸氣烤箱微波爐,51
470875,韓料魷戲 尋找△ 紅蘿蔔炒青花菜,51
478695,龍蝦義大利麵 + 水煮活龍蝦,51
412248,腐乳雞丁青花菜 / 家常菜,51
476103,奶香培根雞肉飯,51
410709,蛋絲拌青花菜,51
465208,鮭魚鮮蔬 / 家常菜,51
463104,奶油洋蔥炒青花菜,51
464438,小米研磨香料鹽的日常風情,51
472818,一鍋到底家常飯菜-肉排飯,51
472255,蜜汁排骨 / 簡單家常年菜,51
460672,蒜香麵輪炒青花菜,51
467777,雙菇海上鮮,51
470881,鮮蔬炒蝦,51
464675,五色蔬菜起司烤蛋,51
467122,牛小排拉麵,51
456522,蘿阿姨的減肥食譜 - 沙拉,51
461132,鮮蔬籠包蒸蛋,51
465571,蔥蒜鮭魚黃金豆腐 / 家常菜,51
465473,【一鍋到底】日式黑咖哩配鍋烤蔬菜,51
467119,糖醋蜜汁雞腿 / 家常菜,51
476100,香煎雞腿肉,51
474291,迷迭香嫩煎雞佐橙香歐包,51
461143,氣炸鮭魚麵 / 玻霸鍋料理,51
478663,韮菜豬肉花捲,21
474690,涼拌韭菜,21
472933,韭菜炒蛋,21
478317,韭菜植物肉水餃,21
457013,僞韭菜盒子,21
474424,韭菜炒雞腿排,21
468284,韭菜盒子,21
476118,韭菜米紙蛋餅,21
478253,韭菜黃拌香油鹽昆布,21
476308,減醣米紙韭菜餡餅,21
470311,韭菜盒子水餃,21
467014,韭菜煎餅,21
457619,韭菜炒蛋,21
301466,(無油)烙韭菜盒,21
460117,韮菜炒肉片,21
469763,韭菜雞蛋核桃粥,21
462055,韭菜炒豆乾,21
465524,韭菜水餃,21
468581,韭菜炒冬粉,21
473201,韭菜肉排絲冬粉,21
468287,蝦仁韭菜炒蛋,21
467784,韭菜戴帽,21
458641,韭菜炒魚板,21
470287,韭菜炒鴨腸,21
458430,韮菜鮮蝦餃,21
463784,韭菜盒,21
466781,韭菜炒甜不辣,21
476336,韭菜菇菇炒櫛瓜麵,21
463346,韭菜肉包,21
465083,第一次料理韮菜炒蛋就好吃到炸,21
469266,簡單自製韭菜盒,21
466350,醬油韭菜醬荷包蛋,21
470166,油潑辣韭菜(五辛素),21
458062,韭菜煎蛋,21
461954,韭菜炒雞蛋,21
464816,韓式韭菜泡菜부추김치,21
461900,韭菜牛肉湯泡麵,21
461488,韭黃韭菜水餃,21
469766,韓式辣拌韭菜(簡易版),21
461104,韭菜青蔥煎餅,21
467471,四川涼拌韭菜(五辛素),21
464649,家常韭菜炒花枝,21
479278,素食香菜辣椒醬(純素),18
470956,香菜餃子,18
473948,香菜拌牛肉,18
470070,香菜牛肉,18
477592,涼拌菜 小黃瓜皮蛋佐香菜,18
467464,~香菜乾絲~,18
469774,涼拌香菜木耳,18
428978,洋蔥香菜豆腐乳豬肉片,18
474220,香菜胡蘿蔔丸子(純素),18
473200,香菜燒肉饅頭刈包,18
474044,涼拌香菜(五辛素),18
470017,茄汁沙丁魚香菜,18
474553,奶香蝦醬煮香菜,18
470115,薑黃蛤蜊香菜,18
476357,香菜多力多滋皮蛋豆腐,18
462276,涼拌香菜,18
468005,香菜烏醋麵,18
461918,斯里蘭卡芫荽籽薑茶,18
473714,《醬醬好》香菜控莎莎,18
469723,剝皮辣椒絞肉佐香菜皮蛋,18
464897,香菜滑蛋牛肉,18
471061,豆皮香菜蛋餅（蛋素）,18
455347,香菜花生,18
459336,香菜保存方法,18
454675,香菜餛飩,18
449971,香菜水餃,18
461935,香菜豆皮肉絲,18
456910,香菜豬肉水餃,18
456492,涼拌香菜牛肉,18
457542,蒜香菜豆 / 家常菜,18
459598,洋蔥香菜燒芋頭排骨,18
467957,鹽麴香菜紫米糕披薩｜世上的鹽,18
458857,港式皮蛋香菜羊肉湯,18
460317,香菜沾醬三重奏(純素),18
459515,醬油醃香菜(五辛素),18
463337,蔥燒松阪豬佐甜香菜醬,18
333061,香菜炸芋片,18
450054,沙茶香菜牛肉絲,18
446973,皮蛋香菜炒麵,18
461178,超美味香菜醬佐小籠湯包,18
451242,香菜豆皮豬肉捲,18
443952,鮪魚香菜炒蛋,18
451853,燒餅夾香菜焗烤蛋,18
449517,腐竹香菜豬肉捲,18
451057,香菜薄荷醬｜Vitamix調理機,18
435634,香菜皮蛋,18
443733,豆包香菜捲,18
452284,蘋果胡麻香菜辣拌肥牛,18
458578,煙燻豆皮捲香菜/素/零廚藝/10分鐘,18
468298,氣炸馬鈴薯,33
479123,風琴馬鈴薯,33
479735,馬鈴薯沙拉,33
479032,馬鈴薯濃湯,33
478600,馬鈴薯煎餅,33
477309,馬鈴薯燉肉,33
475389,香煎馬鈴薯,33
479267,火腿馬鈴薯煎餅,33
473459,馬鈴薯粉蒸肉 / 簡單家常菜,33
472384,馬鈴薯蛋沙拉,33
478673,醋溜馬鈴薯,33
478890,和風馬鈴薯燉肉,33
472160,起司蝦球焗馬玲薯泥,33
479737,馬鈴薯炒金針菇,33
474142,馬鈴薯玉米濃湯,33
478476,馬鈴薯燉肉(燜燒鍋版),33
475438,薯仔炆雞翼,33
478857,番茄馬鈴薯燴蛋,33
476231,番茄馬鈴薯燉雞,33
476838,馬鈴薯火腿蛋沙拉,33
475705,詹姆士：馬鈴薯燉肉,33
470305,「美國馬鈴薯」 佃煮馬鈴薯,33
477645,蛋香馬鈴薯餅,33
479802,火腿馬鈴薯炒金針菇,33
478546,應該是馬鈴薯派,33
470103,「美國馬鈴薯」 馬鈴薯蛋糕,33
472418,炒馬鈴薯,33
471143,「美國馬鈴薯」香煎厚片馬鈴薯,33
474571,西班牙馬鈴薯沙拉,33
479280,日式馬鈴薯蛋沙拉(大份量),33
474852,歡樂馬鈴薯沙拉,33
470903,「美國馬鈴薯」馬鈴薯芝麻球,33
471393,葡萄乾洋芋沙拉,33
479480,馬鈴薯燉豬肋排,33
477173,日式馬鈴薯燉肉,33
478869,馬鈴薯番茄肉醬義大利麵,33
467184,肉絲炒馬鈴薯絲,33
478880,麻香馬鈴薯烘蛋,33
473341,焗烤馬鈴薯,33
469872,「美國馬鈴薯」起司馬鈴薯,33
465869,黑胡椒炒馬鈴薯薯條,33
477333,馬鈴薯鮮蔬煎餃,33
475048,韓式醬煮馬鈴薯,33
479663,起士金針菇馬鈴薯煎餅,33
477209,醬燒馬鈴薯肉捲,33
477399,金沙高麗菜,3
473843,焗烤高麗菜,3
473157,蒜苗炒高麗菜,3
478677,魚香高麗菜,3
479753,玉米高麗菜水餃,3
475638,高麗菜飯,3
477648,蝦醬高麗菜,3
474237,高麗菜封,3
479116,高麗菜豬肉水餃,3
475601,炒高麗菜,3
468318,高麗菜炒豆皮,3
477692,手撕高麗菜,3
476128,炒高麗菜冬粉,3
478733,鹽昆布拌高麗菜,3
471981,高麗菜煎餅,3
479669,韓式辣拌高麗菜,3
477225,高麗菜肉捲,3
474541,高麗菜煎,3
478897,剩飯做成高麗菜飯,3
474828,培根高麗菜/10分鐘,3
475306,高麗菜炒冬粉,3
473664,高麗菜炒飯,3
474920,餐廳的高麗菜,3
477978,高麗菜玉米豬肉水餃,3
477917,高麗菜嬰泡菜 / 涼拌菜,3
478205,高麗菜筍絲粥/鹹粥,3
475277,高麗菜炒洋菇,3
474189,番茄高麗菜煎餅,3
471980,味噌味雞胸炒高麗菜,3
476533,不銹鋼鍋炒高麗菜,3
474408,高麗菜醬油炒飯,3
473274,蝦米香菇高麗菜,3
475779,臘肉高麗菜心炒飯,3
477700,蒜炒高麗菜嬰 / 家常菜,3
474172,素高麗菜捲,3
475327,餐廳的高麗菜 Part3,3
473953,台式泡菜（高麗菜）,3
474215,高麗菜炒肉末,3
479055,玉米高麗菜炒飯,3
476802,《日式關東煮高麗菜捲》來當高麗菜富翁,3
469623,高麗菜餅,3
460508,高麗菜乾煎蛋,3
473626,沙茶炒高麗菜,3
475063,餐廳的高麗菜Part2,3
473702,三杯雞風味雞胸炒高麗菜,3
479620,簡單高麗菜香菇炊飯（電子鍋）,3
476062,炒龍鬚菜,12
459063,胡麻龍鬚菜,12
463054,豆豉龍鬚菜,12
477318,龍鬚菜炒破布子,12
461643,龍鬚菜炒燒肉,12
474790,韓式芝麻油拌龍鬚菜,12
478828,氣炸雞腿 / 雞油拌龍鬚菜,12
472123,小魚乾炒龍鬚菜,12
479602,夏日減醣涼料理-胡麻洋蔥絲x龍鬚菜,12
464802,龍鬚菜鮮嫩秘訣大公開｜胡麻醬涼拌龍鬚菜,12
454853,破布子炒龍鬚菜,12
461253,龍鬚菜炒麵,12
460931,涼拌香鬆龍鬚菜,12
457034,蛋湯龍鬚菜,12
460620,蒜香小魚乾炒龍鬚菜,12
454208,木魚上湯龍鬚菜,12
459614,秀珍菇炒龍鬚菜 / 家常菜,12
454040,龍鬚菜佐胡麻醬,12
454750,香菇肉末炒龍鬚菜,12
463114,夏日小菜同樂會-涼拌酪梨龍鬚菜沙拉,12
451849,鹹水雞拌龍鬚,12
462279,夏日小菜同樂會-涼拌泰式打拋龍鬚菜,12
442055,蒜酥龍鬚菜,12
441386,蒜炒龍鬚菜,12
442596,京料理 - 涼拌龍鬚菜,12
443635,龍鬚菜炒菇 / 家常菜,12
479581,脆皮燒肉拌飯 (炒飯懶人包),12
443669,涼拌龍鬚菜︱夏日必備涼菜,12
441641,木耳炒龍鬚 / 健康家常菜,12
439285,龍鬚菜玉米筍 / 家常菜,12
479198,繽紛高纖時蔬&雙蛋套餐,12
427541,肉醬拌龍鬚,12
425606,涼拌龍鬚菜 / 家常菜,12
428231,雪白菇炒龍鬚菜,12
438946,龍鬚菜炒木耳 (木耳保鮮分享),12
423671,清炒龍鬚菜,12
417550,涼拌龍鬚菜,12
424323,金銀蛋龍鬚,12
415582,龍鬚菜沙拉,12
418335,龍鬚菜花生粉涼拌菜,12
426736,黑木耳炒龍鬚菜 / 家常菜,12
419801,胡麻涼拌龍鬚菜沙拉,12
415987,龍鬚菜炒鴨肝 / 龍鬚菜料理懶人包,12
412874,水炒龍鬚菜,12
420649,夏日涼拌-龍鬚菜雞肉沙拉,12